{"type":"FeatureCollection","features":[{"type":"Feature","properties":{"departamento":"GUAYMALLEN","cabecera":"VILLA NUEVA"},"geometry":{"coordinates":[[[-68.68791961699998,-32.82925796500001],[-68.67630004900002,-32.832035065000014],[-68.66172790500002,-32.83287429799998],[-68.64820098899997,-32.83195877100002],[-68.636756897,-32.831928253],[-68.65025329600002,-32.839878081999984],[-68.65019226099997,-32.856586456],[-68.64871215800002,-32.87259292599998],[-68.65118408199999,-32.877872466999975],[-68.661132812,-32.88951110800002],[-68.66112518300002,-32.89267349199997],[-68.66361999499998,-32.894264221000014],[-68.66295623799999,-32.90428924600002],[-68.666671753,-32.911682128999985],[-68.66041564900002,-32.91377639799998],[-68.66912078899998,-32.92540740999999],[-68.67224121100003,-32.927528381],[-68.67223358199999,-32.92963790900001],[-68.67410278300002,-32.93122482299998],[-68.67471313499999,-32.935447693000015],[-68.68281555200002,-32.941799163999974],[-68.690467834,-32.94821166999998],[-68.70018768300002,-32.961746215999995],[-68.70497131299999,-32.96863937400002],[-68.71278381299999,-32.95189666700003],[-68.72031402599998,-32.94294357299998],[-68.72092437700002,-32.946640015000014],[-68.73093414300001,-32.94349670399998],[-68.74114990200002,-32.93984222400002],[-68.74922180200002,-32.93797683700001],[-68.80272674600002,-32.925395965999996],[-68.824707031,-32.92009735099998],[-68.83348846400003,-32.92506408700001],[-68.83773040800003,-32.92595672599998],[-68.83666229200003,-32.92156982400002],[-68.83650970500003,-32.918769836000024],[-68.836517334,-32.914600371999995],[-68.836631775,-32.91152954099999],[-68.837417603,-32.90824508700001],[-68.83688354499998,-32.905567168999994],[-68.83662414600002,-32.90263748199999],[-68.83583831800001,-32.899852753000005],[-68.83338928199998,-32.89606475800002],[-68.83209991500001,-32.89424514799998],[-68.830848694,-32.89237976099997],[-68.829421997,-32.889533997],[-68.82792663599997,-32.88481140099998],[-68.82617950399998,-32.87787628199999],[-68.82463836699998,-32.874427794999974],[-68.81951904300001,-32.872127533000025],[-68.815711975,-32.87036895799997],[-68.81224823000002,-32.867740631000004],[-68.80841827400002,-32.86622238199999],[-68.80603027299998,-32.86460495],[-68.79850006100003,-32.862575531000005],[-68.79644775399998,-32.86029815699999],[-68.79442596400003,-32.86011505099998],[-68.79084014900002,-32.85908126800001],[-68.78823089600002,-32.858551025],[-68.78548431399997,-32.85777282700002],[-68.781326294,-32.856006621999995],[-68.778205872,-32.855998993000014],[-68.776123047,-32.85687637299998],[-68.770355225,-32.85618591299999],[-68.76723480200002,-32.85533142100002],[-68.75843810999999,-32.85420608499999],[-68.75531768799999,-32.85331726099997],[-68.75323486299999,-32.85155487100002],[-68.75012206999997,-32.85066986099997],[-68.744926453,-32.847141265999994],[-68.74076843300003,-32.84537506100003],[-68.73452758799999,-32.84360504199998],[-68.72829437299998,-32.841831206999984],[-68.72204589799998,-32.841815947999976],[-68.71894073499999,-32.841304778999984],[-68.716720581,-32.83982849099999],[-68.71166229200003,-32.83651733400001],[-68.70542144799998,-32.8347435],[-68.699180603,-32.832969666],[-68.69711303700001,-32.831207275],[-68.690879822,-32.828552246000015],[-68.68791961699998,-32.82925796500001]]],"type":"Polygon"}},{"type":"Feature","properties":{"departamento":"MAIPU","cabecera":"MAIPU"},"geometry":{"coordinates":[[[-68.45520019499997,-32.86746597299998],[-68.456207275,-32.87130355800002],[-68.456939697,-32.87339782700002],[-68.45912933300002,-32.87779235800002],[-68.464057922,-32.87906646699997],[-68.463546753,-32.88282775900001],[-68.463531494,-32.88491439799998],[-68.464263916,-32.88679885900001],[-68.46325683600003,-32.889926909999986],[-68.46002960200002,-32.892421721999995],[-68.46100616500001,-32.89472198499999],[-68.46370696999998,-32.896823883000025],[-68.46295165999999,-32.899955750000004],[-68.46194458000002,-32.902458190999994],[-68.46514129600001,-32.904769896999994],[-68.46611022899998,-32.908325194999975],[-68.46510314900002,-32.91166305500002],[-68.46681976299999,-32.913341521999996],[-68.46902465800002,-32.91564941399997],[-68.46924591099997,-32.91962051399997],[-68.47097015399999,-32.92129898100001],[-68.47367858899997,-32.92235565200002],[-68.47637939499998,-32.924453734999986],[-68.47858429000001,-32.928016662999994],[-68.48055267299998,-32.92969512899998],[-68.48177337599998,-32.931373596000014],[-68.48250579799998,-32.933254241999975],[-68.48348236099997,-32.935558318999995],[-68.48618316699998,-32.93807601899999],[-68.48988342299998,-32.938926697],[-68.49208831800001,-32.941234588999976],[-68.49330902100002,-32.943744659000004],[-68.493049622,-32.947086334000005],[-68.49278259300002,-32.94938278199999],[-68.49424743700001,-32.953357697],[-68.49349212599998,-32.955863953000005],[-68.49792480500003,-32.957759856999985],[-68.50287628199999,-32.95652770999999],[-68.50656890900001,-32.95800399799998],[-68.50656127899998,-32.96030425999999],[-68.507041931,-32.96239471400003],[-68.50875854499998,-32.964073181],[-68.51296234099999,-32.964504241999975],[-68.51535797100001,-32.965644836000024],[-68.51633453400001,-32.968154906999985],[-68.52003479000001,-32.96963119499998],[-68.52124786399997,-32.972770690999994],[-68.523719788,-32.97298812899999],[-68.52766418499999,-32.97425842299998],[-68.52913665800003,-32.9765625],[-68.53209686299999,-32.978244781],[-68.53456115699998,-32.97929763799999],[-68.536529541,-32.980976105000025],[-68.537750244,-32.98286056500001],[-68.539718628,-32.98474884000001],[-68.54144287100002,-32.98600769000001],[-68.54167938199998,-32.988723755000024],[-68.54026031500001,-32.99065017700002],[-68.54127502400002,-32.99261856099997],[-68.54518127400002,-32.995323181],[-68.54808807400002,-32.99716949499998],[-68.55150604200003,-33.00350570699999],[-68.55422210699999,-33.00412368799999],[-68.55681610099998,-33.00653457599998],[-68.56018829300001,-33.00997924799998],[-68.55970764199998,-33.01501083400001],[-68.5599823,-33.01800918599997],[-68.56224060099998,-33.019973755000024],[-68.56416320800002,-33.02435302700002],[-68.56516265900001,-33.028007506999984],[-68.57034301800002,-33.02869033799999],[-68.57300567599998,-33.02891540500002],[-68.57593536399997,-33.03011703499999],[-68.577919006,-33.032066344999976],[-68.57915496800001,-33.03436660800003],[-68.58005523700001,-33.03677749600001],[-68.58053588899998,-33.03890228300003],[-68.58177948000002,-33.04143142700002],[-68.58335113499999,-33.04338073700001],[-68.58444976800001,-33.04590988199999],[-68.58508300800003,-33.049468993999994],[-68.584625244,-33.054126740000015],[-68.58409118700001,-33.056198119999976],[-68.584602356,-33.05892562899999],[-68.58609771699997,-33.062107086000026],[-68.58685302700002,-33.06428909300001],[-68.58707428000002,-33.067165375],[-68.58729553199998,-33.071128844999976],[-68.58758544900002,-33.07509613000002],[-68.59005737299998,-33.07963180500002],[-68.591629028,-33.08112335200002],[-68.593544006,-33.08261108400001],[-68.59642791700003,-33.086746215999995],[-68.59841918900003,-33.089900969999974],[-68.60095214799998,-33.09208297700002],[-68.60402679399999,-33.09356689499998],[-68.606895447,-33.09425354000001],[-68.61009979200003,-33.094703674000016],[-68.61351013199999,-33.09492492700002],[-68.61631011999998,-33.09549331699998],[-68.61884307899999,-33.096370697],[-68.62136077899999,-33.097148894999975],[-68.62566375699998,-33.098117828],[-68.63056945800002,-33.09810256999998],[-68.63356780999999,-33.098442078000005],[-68.63739776599999,-33.09952545200002],[-68.64080810500002,-33.10118103000002],[-68.65194702100001,-33.104953765999994],[-68.65515136699997,-33.106548309000004],[-68.65800476099997,-33.10859680200002],[-68.66188049300001,-33.109699249000016],[-68.667800903,-33.111061096000014],[-68.6720047,-33.112194061000025],[-68.67737579300001,-33.114463806],[-68.68389129600001,-33.11592865],[-68.68677520799997,-33.1158638],[-68.69126892100002,-33.115291594999974],[-68.695030212,-33.11494064300001],[-68.70014190699999,-33.11418533300002],[-68.704986572,-33.112709044999974],[-68.71269989000001,-33.10862731899999],[-68.71688079799998,-33.10575485200002],[-68.72036743199999,-33.102890015000014],[-68.72533416700003,-33.10000991800001],[-68.728401184,-33.09595870999999],[-68.73113250699998,-33.09360504199998],[-68.735877991,-33.09090423599997],[-68.73712158199999,-33.088977813999975],[-68.73983764600001,-33.08784103400001],[-68.75288391100003,-33.081508636000024],[-68.74874115,-33.07460021999998],[-68.75209045399998,-33.07168579099999],[-68.76030731200001,-33.06641387899998],[-68.77166748000002,-33.062942505000024],[-68.778884888,-33.0597229],[-68.781700134,-33.057369231999985],[-68.78305816699998,-33.05509948700001],[-68.78611755399999,-33.05376052899999],[-68.78939056399997,-33.05464172400002],[-68.79267883300002,-33.056167603000006],[-68.79792022700002,-33.058151244999976],[-68.80175018300002,-33.05740737899998],[-68.80416870099998,-33.059577941999976],[-68.809684753,-33.062328338999976],[-68.81414794900002,-33.063072205000026],[-68.819297791,-33.06116104099999],[-68.82363128700001,-33.0625],[-68.83247375500002,-33.062927246000015],[-68.83876800500002,-33.06203079199997],[-68.84219360399999,-33.06017303499999],[-68.84516906699997,-33.058650969999974],[-68.84783172599998,-33.054058075],[-68.85134124799998,-33.05125808700001],[-68.859298706,-33.04975509600001],[-68.86419677700002,-33.047100066999974],[-68.862510681,-33.04086685200002],[-68.86016845699999,-33.03491592400002],[-68.85544586200001,-33.026920319],[-68.85416412400002,-33.022583008000026],[-68.841194153,-33.02444839499998],[-68.83168029799998,-33.007312775],[-68.82492065399998,-32.98825073199998],[-68.81499481200001,-32.970890044999976],[-68.83228301999998,-32.966964722],[-68.83130645799997,-32.96368026699997],[-68.83048248300003,-32.96126556399997],[-68.82873535200002,-32.95835113499999],[-68.82671356200001,-32.95313262899998],[-68.82212066699998,-32.951931],[-68.82034301800002,-32.94875335699999],[-68.81814575200002,-32.947299956999984],[-68.81480407700002,-32.94202041599999],[-68.81389617899998,-32.94007492100002],[-68.81089782700002,-32.933837890999996],[-68.80747985800002,-32.93463134799998],[-68.80272674600002,-32.925395965999996],[-68.74922180200002,-32.93797683700001],[-68.74114990200002,-32.93984222400002],[-68.73093414300001,-32.94349670399998],[-68.72092437700002,-32.946640015000014],[-68.72031402599998,-32.94294357299998],[-68.71278381299999,-32.95189666700003],[-68.70497131299999,-32.96863937400002],[-68.70018768300002,-32.961746215999995],[-68.690467834,-32.94821166999998],[-68.68281555200002,-32.941799163999974],[-68.67471313499999,-32.935447693000015],[-68.67410278300002,-32.93122482299998],[-68.67223358199999,-32.92963790900001],[-68.67224121100003,-32.927528381],[-68.66912078899998,-32.92540740999999],[-68.66041564900002,-32.91377639799998],[-68.666671753,-32.911682128999985],[-68.66295623799999,-32.90428924600002],[-68.66361999499998,-32.894264221000014],[-68.66112518300002,-32.89267349199997],[-68.661132812,-32.88951110800002],[-68.65118408199999,-32.877872466999975],[-68.64871215800002,-32.87259292599998],[-68.65019226099997,-32.856586456],[-68.61486053499999,-32.843292236000025],[-68.60759735099998,-32.838874816999976],[-68.603439331,-32.83710098300003],[-68.45520019499997,-32.86746597299998]]],"type":"Polygon"}},{"type":"Feature","properties":{"departamento":"CAPITAL","cabecera":"MENDOZA"},"geometry":{"coordinates":[[[-68.81951904300001,-32.872127533000025],[-68.82463836699998,-32.874427794999974],[-68.82617950399998,-32.87787628199999],[-68.82792663599997,-32.88481140099998],[-68.829421997,-32.889533997],[-68.830848694,-32.89237976099997],[-68.83209991500001,-32.89424514799998],[-68.83338928199998,-32.89606475800002],[-68.83583831800001,-32.899852753000005],[-68.83662414600002,-32.90263748199999],[-68.85215759300002,-32.90066909799998],[-68.85653686500001,-32.90030670200002],[-68.85868835399998,-32.90057373000002],[-68.86215972899998,-32.900512694999975],[-68.864448547,-32.89980316200001],[-68.867263794,-32.89915466299999],[-68.87010192899999,-32.898807525999985],[-68.872146606,-32.89866638199999],[-68.87510681200001,-32.8983078],[-68.8776474,-32.897930144999975],[-68.87991333000002,-32.898170471000014],[-68.88258361800001,-32.89788818400001],[-68.885292053,-32.89767074600002],[-68.88784027100002,-32.89810180699999],[-68.89023590099998,-32.89862823499999],[-68.892333984,-32.89876937899999],[-68.89440155,-32.89905929600002],[-68.89678192100001,-32.89931488000002],[-68.899749756,-32.90102767899998],[-68.95724487299998,-32.90150451699998],[-68.95726776100003,-32.86164855999999],[-68.857589722,-32.86157608000002],[-68.85049438499999,-32.86127853400001],[-68.84552764900002,-32.86061096200001],[-68.83164215099998,-32.860351562999995],[-68.831413269,-32.86476516699997],[-68.827957153,-32.864608765000014],[-68.82493591299999,-32.864578247],[-68.82060241699998,-32.865119934000006],[-68.81656646699997,-32.866661072],[-68.81838226299999,-32.86902999900002],[-68.81951904300001,-32.872127533000025]]],"type":"Polygon"}},{"type":"Feature","properties":{"departamento":"GODOY CRUZ","cabecera":"GODOY CRUZ"},"geometry":{"coordinates":[[[-68.83662414600002,-32.90263748199999],[-68.83688354499998,-32.905567168999994],[-68.837417603,-32.90824508700001],[-68.836631775,-32.91152954099999],[-68.836517334,-32.914600371999995],[-68.83650970500003,-32.918769836000024],[-68.83666229200003,-32.92156982400002],[-68.83773040800003,-32.92595672599998],[-68.83348846400003,-32.92506408700001],[-68.824707031,-32.92009735099998],[-68.80272674600002,-32.925395965999996],[-68.80747985800002,-32.93463134799998],[-68.81089782700002,-32.933837890999996],[-68.81389617899998,-32.94007492100002],[-68.81480407700002,-32.94202041599999],[-68.81814575200002,-32.947299956999984],[-68.82034301800002,-32.94875335699999],[-68.82212066699998,-32.951931],[-68.82671356200001,-32.95313262899998],[-68.82873535200002,-32.95835113499999],[-68.83408355699999,-32.95815658599997],[-68.839393616,-32.95793914799998],[-68.84164428700001,-32.957839965999995],[-68.84478759799998,-32.95758819600002],[-68.84783935500002,-32.95728683499999],[-68.85006713899998,-32.957035065000014],[-68.852180481,-32.95669555699999],[-68.857421875,-32.956825256],[-68.86061096200001,-32.95687103300003],[-68.86412811299999,-32.958816528],[-68.87069702100001,-32.95983123799999],[-68.88584899900002,-32.959049225],[-68.901557922,-32.955177306999985],[-68.95721435500002,-32.958366393999995],[-68.95724487299998,-32.90150451699998],[-68.899749756,-32.90102767899998],[-68.89678192100001,-32.89931488000002],[-68.89440155,-32.89905929600002],[-68.892333984,-32.89876937899999],[-68.89023590099998,-32.89862823499999],[-68.88784027100002,-32.89810180699999],[-68.885292053,-32.89767074600002],[-68.88258361800001,-32.89788818400001],[-68.87991333000002,-32.898170471000014],[-68.8776474,-32.897930144999975],[-68.87510681200001,-32.8983078],[-68.872146606,-32.89866638199999],[-68.87010192899999,-32.898807525999985],[-68.867263794,-32.89915466299999],[-68.864448547,-32.89980316200001],[-68.86215972899998,-32.900512694999975],[-68.85868835399998,-32.90057373000002],[-68.85653686500001,-32.90030670200002],[-68.85215759300002,-32.90066909799998],[-68.83662414600002,-32.90263748199999]]],"type":"Polygon"}},{"type":"Feature","properties":{"departamento":"LUJAN DE CUYO","cabecera":"LUJAN DE CUYO"},"geometry":{"coordinates":[[[-69.43052673300002,-32.620220184000004],[-69.42678070099998,-32.62124633799999],[-69.41486358600002,-32.622444153000004],[-69.41197204600002,-32.62462234499998],[-69.41044616699998,-32.626361847],[-69.40858459499998,-32.628105163999976],[-69.40570068400001,-32.631149291999975],[-69.40229797400002,-32.63203048700001],[-69.39906310999999,-32.633197784000004],[-69.396522522,-32.635662078999985],[-69.39516449000001,-32.637401581000006],[-69.39347076400003,-32.639431],[-69.39194488499999,-32.642185211000026],[-69.38787078899998,-32.64436721800001],[-69.38374328600003,-32.64883804300001],[-69.38092804000001,-32.652816771999994],[-69.378211975,-32.656982422],[-69.37669372599998,-32.65958785999999],[-69.374565125,-32.66225433300002],[-69.37378692599998,-32.66450119000001],[-69.37117767299998,-32.66706085200002],[-69.36928558300002,-32.66811370800002],[-69.36699676500001,-32.66934585600001],[-69.36460876500001,-32.672992706],[-69.36314392100002,-32.674560547],[-69.36147308300002,-32.676532744999975],[-69.359939575,-32.67821502700002],[-69.35849761999998,-32.68144989000001],[-69.35835266100003,-32.685073853000006],[-69.356895447,-32.687328338999976],[-69.3543396,-32.68925476099997],[-69.350395203,-32.689353943000015],[-69.34714508100001,-32.68990707400002],[-69.34540557899999,-32.69153213499999],[-69.34421539300001,-32.693786621000015],[-69.34338378899997,-32.69701385500002],[-69.341514587,-32.699333190999994],[-69.340667725,-32.70141220099998],[-69.33896636999998,-32.705741881999984],[-69.33684539799998,-32.709152222],[-69.336105347,-32.713932037000006],[-69.33369445800002,-32.71591186500001],[-69.33149719199997,-32.71926879900002],[-69.33061218300003,-32.72324371299999],[-69.328948975,-32.72538757299998],[-69.32797241200001,-32.72809600800002],[-69.32648468000002,-32.73294067400002],[-69.325157166,-32.73530960099998],[-69.32453918499999,-32.73928451500001],[-69.32404327400002,-32.74221801800002],[-69.32252502400002,-32.745052337999994],[-69.320144653,-32.749214171999995],[-69.31726074199997,-32.751716613999974],[-69.31464385999999,-32.75415801999998],[-69.31300354000001,-32.75790786699997],[-69.31223297100001,-32.761020659999986],[-69.31288146999998,-32.76325607299998],[-69.31372833299997,-32.76531600999999],[-69.31318664600002,-32.76951599099999],[-69.31304168700001,-32.77325439499998],[-69.31369781500001,-32.77600479099999],[-69.31322479200003,-32.780723572],[-69.31334686299999,-32.78405380200002],[-69.31313324000001,-32.787963866999974],[-69.313591003,-32.790946959999985],[-69.312217712,-32.79441070600001],[-69.30947113000002,-32.797485352000024],[-69.30706787100002,-32.80003738400001],[-69.304031372,-32.802139281999985],[-69.300292969,-32.806602478],[-69.29845428499999,-32.81087493899997],[-69.29681396500001,-32.814743041999975],[-69.29949188199998,-32.820747374999996],[-69.29960632299998,-32.823562622],[-69.29801178000002,-32.826225281000006],[-69.295372009,-32.82728576699998],[-69.29239654499997,-32.82852172899999],[-69.28922271699997,-32.830280303999984],[-69.28687286399997,-32.832603455000026],[-69.284011841,-32.83648300200002],[-69.28105163599997,-32.83909988400001],[-69.278694153,-32.84078979499998],[-69.27606201200001,-32.842021941999974],[-69.27294158900003,-32.843029021999996],[-69.269493103,-32.844444275],[-69.26713561999998,-32.84613418599997],[-69.26526641800001,-32.84868240399999],[-69.264816284,-32.85075759900002],[-69.26486969000001,-32.85391616800001],[-69.26540374799998,-32.85781860399999],[-69.26669311500001,-32.86182785],[-69.26717376699997,-32.86653518700001],[-69.26721191399997,-32.869178772],[-69.26678466800001,-32.872173309000004],[-69.26565551800002,-32.87448120099998],[-69.263916016,-32.8764534],[-69.26190948499999,-32.87871551500001],[-69.261138916,-32.88182449300001],[-69.26099395799997,-32.885677337999994],[-69.261924744,-32.88859939600002],[-69.261024475,-32.89240264900002],[-69.26201629600001,-32.89480590800002],[-69.26296234099999,-32.89864730800002],[-69.262191772,-32.901527405000024],[-69.26353454600002,-32.90467453000002],[-69.26357269300001,-32.90748977700002],[-69.26177978499999,-32.910324097],[-69.26086425800003,-32.912918090999995],[-69.26063537599998,-32.915622711000026],[-69.25911712599998,-32.91897201500001],[-69.254150391,-32.919940947999976],[-69.25019073499999,-32.91934585600001],[-69.24733734099999,-32.919719696000016],[-69.24499511699997,-32.91824722299998],[-69.24156189000001,-32.91655731200001],[-69.239105225,-32.916355133000025],[-69.23769378700001,-32.91791915900001],[-69.23565673799999,-32.922939300999985],[-69.233795166,-32.92605972299998],[-69.230674744,-32.926837921000015],[-69.228271484,-32.92582702599998],[-69.225265503,-32.925052643000015],[-69.22125244099999,-32.925895690999994],[-69.21747589099999,-32.928401947],[-69.21478271500001,-32.93090057400002],[-69.21256256100003,-32.932308197],[-69.20980835,-32.93347549399999],[-69.207107544,-32.934165955000026],[-69.20501709000001,-32.936408997],[-69.20293426500001,-32.93835067700002],[-69.20212554900002,-32.94140625],[-69.19967651399998,-32.942703247],[-69.197998047,-32.94399642899998],[-69.19638061500001,-32.946304321000014],[-69.19342804000001,-32.94681167599998],[-69.19139099099999,-32.947246552000024],[-69.187782288,-32.947208405000026],[-69.18344879199998,-32.949150084999985],[-69.18186950699999,-32.95186615],[-69.17987823499999,-32.954620361000025],[-69.17774200399998,-32.957458496000015],[-69.17485809300001,-32.961162566999974],[-69.17290496800001,-32.96261596699998],[-69.170539856,-32.96413421599999],[-69.168739319,-32.966850281000006],[-69.16722106899999,-32.97048568700001],[-69.1614151,-32.974674225],[-69.15785980200002,-32.97642898599997],[-69.153320312,-32.97957611099997],[-69.14932250999999,-32.983764647999976],[-69.14680480999999,-32.98597717299998],[-69.14408874499998,-32.989009856999985],[-69.14054107700002,-32.98929214499998],[-69.136604309,-32.990707396999994],[-69.13299560500002,-32.991313934000004],[-69.12679290800003,-32.99564743000002],[-69.12844085699999,-32.997756958000025],[-69.12718963600003,-32.99995040900001],[-69.126480103,-33.002243041999975],[-69.12393951400003,-33.00419998199999],[-69.12077331500001,-33.00570678700001],[-69.11971283000003,-33.00942993199999],[-69.11895751999998,-33.01131057700002],[-69.11579132100002,-33.011989594],[-69.115028381,-33.014057159000004],[-69.113487244,-33.01665496800001],[-69.11260223400001,-33.01925277700002],[-69.11225128199999,-33.02188491800001],[-69.113189697,-33.024066925],[-69.11452484099999,-33.02564239499998],[-69.11207580600001,-33.02700042700002],[-69.11029052700002,-33.028320312000005],[-69.10814666700003,-33.02846908599997],[-69.10654449499998,-33.029914856000005],[-69.10520935099998,-33.03183746299999],[-69.10365295399998,-33.034282684000004],[-69.102088928,-33.03668975800002],[-69.1015625,-33.039588928],[-69.09973144499997,-33.04116821299999],[-69.09719085699999,-33.04214859000001],[-69.09541320800002,-33.043361663999974],[-69.09345245399999,-33.044567108000024],[-69.09291839600002,-33.04674911500001],[-69.09099578899998,-33.04817962599998],[-69.08885955800002,-33.04968643199999],[-69.085731506,-33.05055236800001],[-69.083084106,-33.04987716699998],[-69.07991790800003,-33.04942703199998],[-69.07647705099998,-33.049995421999995],[-69.07389068600003,-33.049880981],[-69.07089996299999,-33.04913330099998],[-69.067909241,-33.049095153999986],[-69.06581115699998,-33.04838180500002],[-69.063796997,-33.04838180500002],[-69.06070709199997,-33.049095153999986],[-69.05798339799998,-33.04887008700001],[-69.05579376200001,-33.04819488499999],[-69.05325317400002,-33.047595978000004],[-69.05048370399999,-33.04646682700002],[-69.04829406699997,-33.043983459],[-69.04561615,-33.042407990000015],[-69.04130554199998,-33.04112243700001],[-69.03813171399997,-33.04093551599999],[-69.03590393100001,-33.04116058300002],[-69.03250885,-33.0418396],[-69.02960968000002,-33.04217910800003],[-69.027061462,-33.04198837299998],[-69.02304840099998,-33.04142761200001],[-69.01849365200002,-33.040222168000014],[-69.01339721699998,-33.03924560500002],[-69.01081085200002,-33.03954696699998],[-69.00843810999999,-33.04007339499998],[-69.00603485099998,-33.04108810399998],[-69.003623962,-33.04180526699997],[-68.99978637700002,-33.03934097299998],[-68.99367523199999,-33.039295197],[-68.99115753199999,-33.03897857700002],[-68.989013672,-33.03869628899997],[-68.984954834,-33.03774642899998],[-68.98029327400002,-33.03587341299999],[-68.97531890900001,-33.030059814000026],[-68.97459411599999,-33.026950836000026],[-68.97221374499998,-33.02520751999998],[-68.96936035200002,-33.02428436299999],[-68.96720123300003,-33.02389144900002],[-68.96430969199997,-33.02317428600003],[-68.9608078,-33.022182465000014],[-68.95864105200002,-33.02143478400001],[-68.95615386999998,-33.020294189000026],[-68.95229339600002,-33.01871109000001],[-68.95044708299997,-33.01792907700002],[-68.94840240500002,-33.01706695600001],[-68.94477844199997,-33.015586853],[-68.94011688199998,-33.013149261000024],[-68.93759918199999,-33.01159286500001],[-68.93257141100003,-33.008373259999985],[-68.92768859900002,-33.00616073600003],[-68.92526245099998,-33.006092072],[-68.92058563199998,-33.00605010999999],[-68.91628265399999,-33.00461959799998],[-68.91403961200001,-33.00310134900002],[-68.91162872299998,-33.00046539300001],[-68.907623291,-32.997558594],[-68.90457153300002,-32.995071411000026],[-68.90267181399997,-32.993309021000016],[-68.90081024199998,-32.992176056000005],[-68.89536285399998,-32.99067306500001],[-68.886268616,-32.98128128100001],[-68.87854003899997,-32.97287368799999],[-68.87427520799997,-32.96816635099998],[-68.871864319,-32.96460342400002],[-68.87003326400003,-32.962093353],[-68.86412811299999,-32.958816528],[-68.86061096200001,-32.95687103300003],[-68.857421875,-32.956825256],[-68.852180481,-32.95669555699999],[-68.85006713899998,-32.957035065000014],[-68.84783935500002,-32.95728683499999],[-68.84478759799998,-32.95758819600002],[-68.84164428700001,-32.957839965999995],[-68.839393616,-32.95793914799998],[-68.83408355699999,-32.95815658599997],[-68.82873535200002,-32.95835113499999],[-68.83048248300003,-32.96126556399997],[-68.83130645799997,-32.96368026699997],[-68.83228301999998,-32.966964722],[-68.81499481200001,-32.970890044999976],[-68.82492065399998,-32.98825073199998],[-68.83168029799998,-33.007312775],[-68.841194153,-33.02444839499998],[-68.85416412400002,-33.022583008000026],[-68.85544586200001,-33.026920319],[-68.86016845699999,-33.03491592400002],[-68.862510681,-33.04086685200002],[-68.86419677700002,-33.047100066999974],[-68.859298706,-33.04975509600001],[-68.85134124799998,-33.05125808700001],[-68.84783172599998,-33.054058075],[-68.84516906699997,-33.058650969999974],[-68.84219360399999,-33.06017303499999],[-68.83876800500002,-33.06203079199997],[-68.83247375500002,-33.062927246000015],[-68.82363128700001,-33.0625],[-68.819297791,-33.06116104099999],[-68.81414794900002,-33.063072205000026],[-68.809684753,-33.062328338999976],[-68.80416870099998,-33.059577941999976],[-68.80175018300002,-33.05740737899998],[-68.79792022700002,-33.058151244999976],[-68.79267883300002,-33.056167603000006],[-68.78939056399997,-33.05464172400002],[-68.78611755399999,-33.05376052899999],[-68.78305816699998,-33.05509948700001],[-68.781700134,-33.057369231999985],[-68.778884888,-33.0597229],[-68.77166748000002,-33.062942505000024],[-68.76030731200001,-33.06641387899998],[-68.75209045399998,-33.07168579099999],[-68.74874115,-33.07460021999998],[-68.75288391100003,-33.081508636000024],[-68.73983764600001,-33.08784103400001],[-68.73712158199999,-33.088977813999975],[-68.735877991,-33.09090423599997],[-68.73113250699998,-33.09360504199998],[-68.728401184,-33.09595870999999],[-68.72533416700003,-33.10000991800001],[-68.72036743199999,-33.102890015000014],[-68.71688079799998,-33.10575485200002],[-68.71269989000001,-33.10862731899999],[-68.704986572,-33.112709044999974],[-68.70014190699999,-33.11418533300002],[-68.695030212,-33.11494064300001],[-68.69126892100002,-33.115291594999974],[-68.68677520799997,-33.1158638],[-68.68389129600001,-33.11592865],[-68.67737579300001,-33.114463806],[-68.6720047,-33.112194061000025],[-68.667800903,-33.111061096000014],[-68.66188049300001,-33.109699249000016],[-68.65800476099997,-33.10859680200002],[-68.65515136699997,-33.106548309000004],[-68.65194702100001,-33.104953765999994],[-68.64080810500002,-33.10118103000002],[-68.63739776599999,-33.09952545200002],[-68.63356780999999,-33.098442078000005],[-68.63056945800002,-33.09810256999998],[-68.62566375699998,-33.098117828],[-68.62136077899999,-33.097148894999975],[-68.61884307899999,-33.096370697],[-68.629768372,-33.13093948400001],[-68.63180541999998,-33.13265991200001],[-68.63439941399997,-33.134193419999974],[-68.636886597,-33.136394500999984],[-68.638015747,-33.138210297],[-68.641059875,-33.14031600999999],[-68.642524719,-33.14317703199998],[-68.64410400399998,-33.14461517299998],[-68.64363861099997,-33.14748001100003],[-68.64419555699999,-33.15015029900002],[-68.64450073199998,-33.153461456],[-68.64722442599998,-33.15807724000001],[-68.64811706500001,-33.160751343000015],[-68.649246216,-33.162471771000014],[-68.65071105999999,-33.16447830200002],[-68.65184020999999,-33.16648483300003],[-68.65261077899999,-33.17039871200001],[-68.65396118199999,-33.17336273199999],[-68.65383911100002,-33.176128387000006],[-68.65518188499999,-33.177799225],[-68.65539550800003,-33.181045531999985],[-68.65561675999999,-33.18304824799998],[-68.65650176999998,-33.187725066999974],[-68.656494141,-33.1900177],[-68.65569305399998,-33.192207336000024],[-68.65750122100002,-33.194026947],[-68.65862274199998,-33.196033478000004],[-68.65907287599998,-33.198226928999986],[-68.66086578400001,-33.20132446299999],[-68.6614151,-33.204280853],[-68.66185760500002,-33.20809936500001],[-68.66332244900002,-33.210296631000006],[-68.66432952899999,-33.21354293799999],[-68.66613769499997,-33.21545791599999],[-68.668174744,-33.21727371200001],[-68.66896057100001,-33.219661712999994],[-68.673919678,-33.22499847400002],[-68.675834656,-33.227386475],[-68.67751312299998,-33.23406982400002],[-68.67965698199998,-33.237129211000024],[-68.681808472,-33.239425659000005],[-68.683387756,-33.240955353000004],[-68.684288025,-33.24362945600001],[-68.68456268300002,-33.24730682400002],[-68.68643951400003,-33.250488281],[-68.68784332299998,-33.252746581999986],[-68.688308716,-33.255256653000004],[-68.690185547,-33.25843429600002],[-68.69394683799999,-33.261619568000015],[-68.69583129900002,-33.263210297],[-68.70149230999999,-33.26322555500002],[-68.70337676999998,-33.264816284000005],[-68.70525360099998,-33.26799774199998],[-68.70901489300002,-33.272769928],[-68.71089172400002,-33.27594757100002],[-68.70899963400001,-33.277530669999976],[-68.71087646500001,-33.280712128000005],[-68.712760925,-33.282302856],[-68.71464538599997,-33.28389358499999],[-68.71652221699998,-33.28548812899999],[-68.71840667700002,-33.28866577100001],[-68.72028350800002,-33.291847228999984],[-68.722167969,-33.29343795800003],[-68.72215270999999,-33.29661178600003],[-68.727539062,-33.30628204300001],[-68.72366333000002,-33.310771941999974],[-68.72235107400002,-33.312885284000004],[-68.721641541,-33.316135406],[-68.72003936800002,-33.31890869099999],[-68.72028350800002,-33.32211303700001],[-68.719200134,-33.325080872],[-68.719238281,-33.32784652700002],[-68.720909119,-33.32968139600001],[-68.723442078,-33.33102416999998],[-68.72475433300002,-33.332782744999975],[-68.72587585399998,-33.33501434300001],[-68.72567749000001,-33.338874816999976],[-68.727424622,-33.34116363499999],[-68.730751038,-33.34228134199998],[-68.73357391399998,-33.34412765500002],[-68.73557281500001,-33.346073150999985],[-68.73774719199997,-33.347454071000016],[-68.74085998499999,-33.35000991800001],[-68.74357605,-33.35176086400003],[-68.74572753899997,-33.352977753000005],[-68.74841308600003,-33.35475158700001],[-68.75112152100002,-33.356914519999975],[-68.75380706800001,-33.35914611800001],[-68.75675201400003,-33.36005401599999],[-68.75810575700001,-33.36195467099998],[-68.75865936299999,-33.36273193400001],[-68.75981140099998,-33.36478042599998],[-68.76271057100001,-33.36678695699999],[-68.76631164600002,-33.36813735999999],[-68.76799774199998,-33.369232178000004],[-68.77040100099998,-33.371757506999984],[-68.77182769799998,-33.375457763999975],[-68.77372741699998,-33.37836456299999],[-68.77495575,-33.38093948400001],[-68.77583313000002,-33.384609221999995],[-68.77866363499999,-33.38572311399997],[-68.780799866,-33.38613891599999],[-68.78311920200002,-33.38740539600002],[-68.78421020500002,-33.389568328999985],[-68.78661346400003,-33.39215850800002],[-68.79070281999998,-33.39182281500001],[-68.793457031,-33.391242981000005],[-68.79776000999999,-33.39044189499998],[-68.79730224600002,-33.38834381100003],[-68.799766541,-33.38623428300002],[-68.80407714799998,-33.384960175],[-68.80619811999998,-33.384170531999985],[-68.81015014600001,-33.38459014900002],[-68.81230163599997,-33.38304138199999],[-68.81301879900002,-33.38053131100003],[-68.81608581500001,-33.38045120200002],[-68.81806945800002,-33.379268646000014],[-68.82137298599997,-33.376598358000024],[-68.824333191,-33.37669754000001],[-68.824691772,-33.374343872],[-68.82746124300002,-33.374240875],[-68.82993316699998,-33.373832703000005],[-68.83044433600003,-33.37134933499999],[-68.83290863000002,-33.36885452299998],[-68.83453369099999,-33.36699295],[-68.83994293199999,-33.36548614499998],[-68.84194946299999,-33.36313629199998],[-68.84477233899997,-33.363094330000024],[-68.84873199499998,-33.361820221000016],[-68.851600647,-33.36188507100002],[-68.85339355500003,-33.36037826500001],[-68.85570526100003,-33.35869979900002],[-68.85774230999999,-33.360664368000016],[-68.86133575399998,-33.36040496800001],[-68.86338043199999,-33.35970687899999],[-68.86695861800001,-33.3580513],[-68.870155334,-33.357189178],[-68.871734619,-33.35443878199999],[-68.87392425500002,-33.35440826400003],[-68.87592315699999,-33.353618622],[-68.87841033900003,-33.35164260900001],[-68.882080078,-33.351684569999975],[-68.88481140099998,-33.350791931],[-68.88678741500001,-33.34899520900001],[-68.890007019,-33.34893417400002],[-68.89185333299997,-33.346488953000005],[-68.89420318600003,-33.345794678000004],[-68.89765930200002,-33.34402465800002],[-68.90062713600003,-33.34402847299998],[-68.90496826200001,-33.344604491999974],[-68.91001129199998,-33.342788696000014],[-68.91248321500001,-33.34154891999998],[-68.91397857700002,-33.34019470200002],[-68.91741943400001,-33.33906173700001],[-68.91962432899999,-33.33797836299999],[-68.92184448199998,-33.33695602400002],[-68.90512847899998,-33.29168701200001],[-68.98983001699997,-33.27730178799999],[-68.99534606899999,-33.27510452299998],[-69.003433228,-33.271194458000025],[-69.00848388700001,-33.26811981200001],[-69.01619720500003,-33.263683318999995],[-69.02158355699999,-33.26104736299999],[-69.02708435099998,-33.258583069],[-69.03553771999998,-33.255264281999985],[-69.04135131800001,-33.25338745099998],[-69.05031585699999,-33.25121307400002],[-69.059455872,-33.249549865999995],[-69.06536865200002,-33.247932434000006],[-69.07118988000002,-33.24605178799999],[-69.07967376699997,-33.242782593000015],[-69.08523559600002,-33.24029540999999],[-69.09262847899998,-33.23559188799999],[-69.09796905500002,-33.229183197],[-69.10333251999998,-33.22270584099999],[-69.10948181200001,-33.21674728400001],[-69.114067078,-33.21326828000002],[-69.12196350099998,-33.20909500099998],[-69.12748718300003,-33.206638336000026],[-69.13349151599999,-33.204708099000015],[-69.13926696800002,-33.20265579199997],[-69.14341735800002,-33.199161530000026],[-69.14618682899999,-33.194496155000024],[-69.14854431200001,-33.18946075399998],[-69.15118408199999,-33.184673309000004],[-69.155593872,-33.177768706999984],[-69.16178131100003,-33.17193985],[-69.166183472,-33.168228149000015],[-69.17060852100002,-33.164524078],[-69.174880981,-33.160709381000004],[-69.17864990200002,-33.15657043499999],[-69.182258606,-33.15229415900001],[-69.186355591,-33.148380280000026],[-69.18867492700002,-33.14352798499999],[-69.18981933600003,-33.13835525500002],[-69.19403076200001,-33.13144683799999],[-69.19736480699999,-33.12699508700001],[-69.20035553000002,-33.122253418000014],[-69.20745849600002,-33.117591858000026],[-69.21641540500002,-33.11505126999998],[-69.22249603300003,-33.11399841299999],[-69.22866821299999,-33.113269806000005],[-69.23797607400002,-33.11264800999999],[-69.24420165999999,-33.11259460399998],[-69.25036621100003,-33.11203002899998],[-69.25949859600001,-33.110408783000025],[-69.26547241200001,-33.108989715999996],[-69.27140045200002,-33.10740661599999],[-69.279205322,-33.10507202100001],[-69.28305053700001,-33.103775024000015],[-69.288627625,-33.101459503],[-69.29425811800002,-33.099246978999986],[-69.30001831099997,-33.097251891999974],[-69.30584716800001,-33.095436096000014],[-69.31179809600002,-33.093982697],[-69.31790161100002,-33.09296035800003],[-69.32402801500001,-33.092033386000026],[-69.33007049600002,-33.090827941999976],[-69.33600616500001,-33.089279175],[-69.34194946299999,-33.08773803700001],[-69.34799194300001,-33.08661270099998],[-69.354171753,-33.085964203],[-69.360351562,-33.08535003700001],[-69.366416931,-33.08427810699999],[-69.372406006,-33.082866669],[-69.37874603300003,-33.082298278999986],[-69.38513946500001,-33.081977843999994],[-69.38991546599999,-33.07956695600001],[-69.39263915999999,-33.074501037999994],[-69.39690399199998,-33.07096099900002],[-69.40248107899998,-33.068752288999974],[-69.40843963600003,-33.06690979000001],[-69.412895203,-33.06542587299998],[-69.41404724099999,-33.04433822599998],[-69.42103576699998,-33.03795242299998],[-69.42250824000001,-33.03283691399997],[-69.42453002899998,-33.02792358400001],[-69.42778015099998,-33.023513793999996],[-69.43148040800003,-33.019260406],[-69.43462371800001,-33.01463699300001],[-69.43821716299999,-33.010654449000015],[-69.44439697299998,-33.00936889600001],[-69.45046234099999,-33.01026916500001],[-69.45615386999998,-33.01239013700001],[-69.46140289300001,-33.01518630999999],[-69.46506500200002,-33.01697921800002],[-69.470420837,-33.01775360099998],[-69.495079041,-33.02115249600001],[-69.50076293900003,-33.020931243999996],[-69.50612640399999,-33.02353286699997],[-69.51071166999998,-33.027076721000014],[-69.51370239300002,-33.03149795500002],[-69.718766174,-33.28134775799998],[-69.76333215699998,-33.335646972000006],[-69.76970634499997,-33.343413285],[-69.76989703700002,-33.34292922200001],[-69.76998986400002,-33.34271262599998],[-69.77019098900001,-33.34248055900002],[-69.77050041199999,-33.34215566500001],[-69.77091813300001,-33.34176888600001],[-69.771119258,-33.34142852100001],[-69.77132038299999,-33.34113456900002],[-69.77149056500002,-33.34079420400002],[-69.77153697900002,-33.34043836699999],[-69.77161433499998,-33.34009800199999],[-69.77161433499998,-33.339726695000024],[-69.77167621900003,-33.33920067600002],[-69.77190828599998,-33.338829368000006],[-69.77217129600001,-33.33853541600001],[-69.77248071899999,-33.338179579999974],[-69.77272825699998,-33.33788562799998],[-69.77300673799999,-33.337622619],[-69.77320786299998,-33.33745243599998],[-69.77337804500002,-33.337282254],[-69.773486343,-33.336972831000026],[-69.77342445900001,-33.336555110000006],[-69.77325427599999,-33.33601362000002],[-69.77320786299998,-33.33561136999998],[-69.77350181399999,-33.33505440800002],[-69.77393500599999,-33.33480687000002],[-69.77445481400002,-33.334658159000014],[-69.77478922099999,-33.334520758],[-69.77495965999998,-33.33439901600002],[-69.77501380899997,-33.334252040000024],[-69.77506795800002,-33.33410506400003],[-69.77503701500001,-33.333718284999975],[-69.774897775,-33.333393391000016],[-69.77455741,-33.33300661300001],[-69.77454822599998,-33.33285967299997],[-69.774531121,-33.33275895600002],[-69.77441129300001,-33.33205341799999],[-69.774576319,-33.33117328200001],[-69.77452131000001,-33.33076071800002],[-69.77432878100001,-33.33026564099998],[-69.77419125900002,-33.329578035],[-69.77430127600002,-33.32889042800002],[-69.774631328,-33.328257829999984],[-69.77496137899999,-33.32803779599999],[-69.77567648899998,-33.32814781299999],[-69.77630908700002,-33.32823032599998],[-69.776666643,-33.327707745],[-69.77721672799998,-33.32663507900003],[-69.77782182200002,-33.32440723399998],[-69.77837190700001,-33.322509439999976],[-69.778921992,-33.32124424400001],[-69.77952708599997,-33.320529134000026],[-69.78021469200002,-33.319648997],[-69.78065476,-33.31907140800001],[-69.78183744299997,-33.318438809999975],[-69.78213999000002,-33.31802624599999],[-69.78211248600002,-33.31731113500001],[-69.78219499900001,-33.31648600699998],[-69.78252505,-33.31577089699999],[-69.782992622,-33.315330829000004],[-69.78340518599998,-33.31508329000002],[-69.78368022900003,-33.315055786000016],[-69.78431282700001,-33.313763085999994],[-69.78574304799997,-33.311645258],[-69.78640315000001,-33.310820130000025],[-69.78711826099999,-33.31010501899999],[-69.78810841400002,-33.309499926],[-69.788851029,-33.30900484900002],[-69.78937360999998,-33.308949840000025],[-69.78967615699997,-33.30853727700003],[-69.78973116600002,-33.30806970399999],[-69.78981367900002,-33.307492115],[-69.79006121700002,-33.306914525000025],[-69.790583798,-33.305951875999995],[-69.791078874,-33.30540179100001],[-69.79135391699998,-33.304879210000024],[-69.79165646400003,-33.304246611999986],[-69.79154644699997,-33.30322895500001],[-69.79204152400001,-33.301661212],[-69.79256410400001,-33.30075357099997],[-69.79314169399998,-33.300038460999986],[-69.79393931700002,-33.298745759999974],[-69.794544411,-33.29748056400001],[-69.79506699199999,-33.295637779],[-69.79547955599998,-33.294757643000025],[-69.79583711100003,-33.29431757499998],[-69.796442205,-33.292804839999974],[-69.79641691799998,-33.29279735199998],[-69.796744752,-33.291594653000004],[-69.79696478599999,-33.290852038000025],[-69.79734984599997,-33.29054949099998],[-69.79762488799997,-33.289531834],[-69.79798244400001,-33.28903675700002],[-69.79809246100001,-33.288321645999986],[-69.798532529,-33.28763404],[-69.79885426800001,-33.28691507399998],[-69.79938516099998,-33.286726398999974],[-69.80001775900001,-33.286808912000026],[-69.80076037399999,-33.28700144200002],[-69.80117293799998,-33.28719397200001],[-69.80158550099998,-33.287414006000006],[-69.802355621,-33.287551527000005],[-69.80315324399999,-33.28763404],[-69.80406088500001,-33.28796409099999],[-69.80491351699999,-33.288294141999984],[-69.80598618300002,-33.288624192999976],[-69.80607776900001,-33.28867979900002],[-69.806756302,-33.28909176500002],[-69.80788397700002,-33.289284295000016],[-69.808901634,-33.28931179900002],[-69.80945172000003,-33.289119270000015],[-69.80991929200002,-33.288816723000025],[-69.81055189,-33.288679202000026],[-69.81104696699998,-33.288459166999985],[-69.81165205999997,-33.28843166299998],[-69.812697222,-33.288596688999974],[-69.81368737499997,-33.28843166299998],[-69.81498007599998,-33.28793658699999],[-69.81575019500002,-33.28735899700001],[-69.816245272,-33.286808912000026],[-69.816767852,-33.286148809999986],[-69.81762048399997,-33.285736246],[-69.81880316799999,-33.284691083999974],[-69.81949077399997,-33.283948468999995],[-69.820343406,-33.28309583700002],[-69.82127855099998,-33.28199566699999],[-69.822213696,-33.28103301700003],[-69.82273627699999,-33.28029040199999],[-69.82325885799997,-33.28001535999999],[-69.824331524,-33.280042863999995],[-69.82614680500001,-33.27982283],[-69.82694442799999,-33.27952028300001],[-69.82749451400002,-33.27888768499997],[-69.82765953900002,-33.27806255799999],[-69.82818212000001,-33.27748496800001],[-69.82983237600001,-33.276274780999984],[-69.830437469,-33.275504661000014],[-69.830602495,-33.274734541999976],[-69.83087753699999,-33.27418445699999],[-69.83162015200003,-33.273496851000004],[-69.832390272,-33.27313929500002],[-69.83387550200001,-33.27261671399998],[-69.83494816799998,-33.27225915899999],[-69.83651591,-33.271626561000005],[-69.83747856000002,-33.27140652700001],[-69.838331192,-33.271324014000015],[-69.83841648999999,-33.271321645],[-69.83932134499997,-33.27129651000001],[-69.84006396000001,-33.27121399700002],[-69.840421515,-33.271599057],[-69.840751566,-33.272231654999985],[-69.84160419800003,-33.272671722999974],[-69.84223679600001,-33.27330432100001],[-69.84311693299998,-33.273771893],[-69.84391455600002,-33.27407443999999],[-69.84460216299999,-33.27451450799998],[-69.844939108,-33.27471202800001],[-69.84539978599997,-33.27498207999997],[-69.846114897,-33.275092098000016],[-69.84680250299999,-33.275092098000016],[-69.84762763100002,-33.275064593000025],[-69.84766377199998,-33.27505881100001],[-69.848315238,-33.27495457600003],[-69.84886532299998,-33.27489956800002],[-69.84938790400003,-33.275229619000015],[-69.85175327000002,-33.27682486600003],[-69.85304596999998,-33.27759498500001],[-69.854283662,-33.278145069999994],[-69.85480624299998,-33.27839260899998],[-69.85593391700002,-33.27921773600002],[-69.85673154099999,-33.279602796000006],[-69.85728162599997,-33.280070368],[-69.85772169400002,-33.28053794099998],[-69.858271779,-33.28106052200002],[-69.858546822,-33.28125305200001],[-69.85857548299998,-33.28134476700001],[-69.85882186499998,-33.28213318799999],[-69.85942695799997,-33.28235322199998],[-69.86027959,-33.281913153999994],[-69.86107721399998,-33.28152809400001],[-69.862397418,-33.28103301700003],[-69.86327755500002,-33.28042792399998],[-69.864185195,-33.28015288099999],[-69.86492780999998,-33.279685309],[-69.86534037400003,-33.27938276200001],[-69.86561541700001,-33.27919023200002],[-69.86660556999999,-33.27905271100002],[-69.86745820200002,-33.27880517300002],[-69.86924597900003,-33.278007548999994],[-69.870318645,-33.27729243800002],[-69.87147382400002,-33.27646730999999],[-69.872243943,-33.276274780999984],[-69.87306907099997,-33.275834712999995],[-69.87381168600001,-33.275394644000016],[-69.87482934299999,-33.275092098000016],[-69.87579199200002,-33.27520211500001],[-69.876397086,-33.27533963600001],[-69.87730472700002,-33.27547715700001],[-69.878267376,-33.27544965300001],[-69.87897347299997,-33.275206932],[-69.87914751199997,-33.27514710600002],[-69.88002764800001,-33.275394644000016],[-69.88079776799998,-33.27572469500001],[-69.882227989,-33.27619226799999],[-69.88440258100002,-33.27734612199998],[-69.88442416100003,-33.277322002999995],[-69.88497841499998,-33.277539977],[-69.88552850000002,-33.27759498500001],[-69.886491149,-33.277402455000015],[-69.88748130300002,-33.276604831999975],[-69.888223918,-33.27619226799999],[-69.88910405399997,-33.275834712999995],[-69.890424258,-33.27561467800001],[-69.892102018,-33.27533963600001],[-69.89364225700001,-33.27503708900002],[-69.89463240999999,-33.274872062999975],[-69.89562256300002,-33.274789551000026],[-69.89691526299998,-33.27445949999998],[-69.89881305699998,-33.273799397000005],[-69.899968236,-33.273056782000026],[-69.90082086799998,-33.27247919299998],[-69.90164599600001,-33.272231654999985],[-69.90249862799999,-33.27225915899999],[-69.90368131100001,-33.271764082000004],[-69.90472647299998,-33.271489040000006],[-69.90654175399999,-33.27047138199998],[-69.90755941200001,-33.27003131399999],[-69.909007954,-33.26880145299998],[-69.91416186700002,-33.251255308],[-69.91432531200002,-33.250783318],[-69.914386293,-33.25052827500002],[-69.915840957,-33.24600911900001],[-69.91612080200002,-33.245139731999984],[-69.91644911200001,-33.244119782999974],[-69.916916684,-33.243432176],[-69.91743926499998,-33.24345968],[-69.91840191400001,-33.24406477399998],[-69.91928205099998,-33.24475238000002],[-69.91991464900002,-33.245082432000004],[-69.92010717800002,-33.245439987],[-69.91950208499998,-33.24596256799998],[-69.91823688900001,-33.246952721000014],[-69.91785182900003,-33.24753031099999],[-69.91768680400003,-33.248327933999974],[-69.91752177799998,-33.24918056600001],[-69.91727423999998,-33.24967564299999],[-69.916861676,-33.25014321499998],[-69.91650412000001,-33.250583283000026],[-69.91647661600001,-33.251958495999986],[-69.91642160800001,-33.25270111100002],[-69.91622907800001,-33.253361213999995],[-69.91548646299998,-33.25415883699998],[-69.91515641199999,-33.25454389700002],[-69.914963882,-33.255203999],[-69.914798856,-33.255836596999984],[-69.914743848,-33.25646919500002],[-69.91515641199999,-33.257486852],[-69.91573400099998,-33.259137108000004],[-69.91617406900002,-33.26119992700001],[-69.91647661600001,-33.263015209],[-69.916471307,-33.263072281999996],[-69.91650412000001,-33.26422539599997],[-69.91644911200001,-33.264913002000014],[-69.91628408600002,-33.265380574999995],[-69.91625670100001,-33.265424392],[-69.91600904400002,-33.265820642999984],[-69.91562398399998,-33.266150693999975],[-69.91532143699999,-33.26631572000002],[-69.91529393299999,-33.266480745000024],[-69.91562398399998,-33.26661826600002],[-69.91581651400003,-33.266480745000024],[-69.91620157400001,-33.26626071099997],[-69.91625887100003,-33.26622633300002],[-69.91647661600001,-33.26609568600003],[-69.916999197,-33.26612318999997],[-69.91807186300002,-33.26642573700002],[-69.91904701300001,-33.266957264999974],[-69.920606496,-33.26732310800003],[-69.92299512599999,-33.267883461999986],[-69.92365522799997,-33.268241018000026],[-69.92371023599998,-33.268983633000005],[-69.92365522799997,-33.269726247999984],[-69.92371962800001,-33.26980674800001],[-69.92412280000002,-33.270386350000024],[-69.92432011300002,-33.270557354000005],[-69.92453536400001,-33.27074390500002],[-69.92489291999999,-33.271211478],[-69.92547050899998,-33.27156903299999],[-69.92596558600002,-33.272284144000025],[-69.92706575599999,-33.273329305999994],[-69.92819343100001,-33.27407192099997],[-69.92915607999998,-33.274456980000025],[-69.930586301,-33.27473202300001],[-69.93171397600003,-33.275117083],[-69.932731633,-33.275172091],[-69.93341923999998,-33.275282108],[-69.93416185500001,-33.27533711699999],[-69.934931974,-33.27561215899999],[-69.93589462300002,-33.275969714999974],[-69.9363897,-33.275997218999976],[-69.93691228099999,-33.276327270000024],[-69.93765489600003,-33.27698737200001],[-69.93834250200001,-33.27778499599998],[-69.938535032,-33.27833508100002],[-69.938865083,-33.27872014000002],[-69.93925014299998,-33.279160209],[-69.93941516799998,-33.27993032799998],[-69.93966270700002,-33.280397900000025],[-69.93991024500002,-33.280865473000006],[-69.94021279200001,-33.281168019999996],[-69.94046033000001,-33.281470565999996],[-69.940597851,-33.28185562599998],[-69.940597851,-33.28218567699997],[-69.940680364,-33.28248822400002],[-69.94095540699999,-33.28281827500001],[-69.94154905200003,-33.28340954599997],[-69.94191805600002,-33.28369841099999],[-69.94235812400001,-33.283945949999975],[-69.942825696,-33.28397345399998],[-69.94359581600003,-33.28342336899999],[-69.944833507,-33.28279077100001],[-69.94560362700003,-33.28232319799997],[-69.946566276,-33.282130669000026],[-69.94733639499998,-33.28210316399998],[-69.94796899300002,-33.281608087999984],[-69.94856858600002,-33.28118727200001],[-69.94920668499998,-33.28089297700001],[-69.94970176099997,-33.28097549],[-69.95011432500002,-33.28169059999999],[-69.95033435900001,-33.28210316399998],[-69.950389368,-33.282433215000026],[-69.95003181200002,-33.283285847],[-69.94989429100002,-33.28397345399998],[-69.95025184600001,-33.28463355600002],[-69.950774427,-33.28523865],[-69.950774427,-33.285981264999975],[-69.95104946999999,-33.28653135000002],[-69.95159955499997,-33.287026427],[-69.952424683,-33.287549007999985],[-69.95429497200001,-33.288484152000024],[-69.95575269800003,-33.289061742],[-69.95674285199999,-33.289254271999994],[-69.95726543199999,-33.28952931399999],[-69.95787052600002,-33.290161911999974],[-69.95990584100002,-33.29178466399998],[-69.96144607999997,-33.293159876000004],[-69.96207867800001,-33.29373746599998],[-69.962436233,-33.293929995999974],[-69.96298631799999,-33.29453508900002],[-69.96383895000002,-33.29558025099999],[-69.964746591,-33.29643288300002],[-69.96565423099997,-33.297368027999994],[-69.96609430000001,-33.29808313900003],[-69.966341838,-33.29816565200002],[-69.966644385,-33.29838568600002],[-69.96713946099999,-33.298963275000006],[-69.96760703400003,-33.29937583899999],[-69.96788207600002,-33.29995342799998],[-69.96779956400002,-33.300531018000015],[-69.96771705100002,-33.300998590000006],[-69.96796458900002,-33.301906230999975],[-69.968239632,-33.30281387100001],[-69.96810211100001,-33.303308947999994],[-69.96774455500002,-33.303941545999976],[-69.96777205900003,-33.30462915300001],[-69.96785457200002,-33.30570181899998],[-69.96771705100002,-33.30652694600002],[-69.96790958100001,-33.30718704899999],[-69.96812961500001,-33.30759961299998],[-69.968349649,-33.308479749000014],[-69.968817221,-33.308892313],[-69.96939481099997,-33.30946990199999],[-69.97005491300001,-33.309882465999976],[-69.97077002399999,-33.31040504700002],[-69.97143012599997,-33.310845115000006],[-69.97319501599998,-33.311311036999996],[-69.97500567999998,-33.311285182999995],[-69.97616085800001,-33.31136769599999],[-69.97698598599999,-33.31156022599998],[-69.97800364400001,-33.31180776399998],[-69.978471216,-33.31183526799998],[-69.97957138700002,-33.312412858000016],[-69.980671557,-33.312962943],[-69.98116663399998,-33.31334800299999],[-69.98177172700002,-33.31340301099999],[-69.98243183,-33.31343051499999],[-69.98276188099999,-33.31354053199999],[-69.98317444499997,-33.31384307899998],[-69.98397206800001,-33.31464070300001],[-69.98512724699998,-33.31524579699999],[-69.986392443,-33.31587839500003],[-69.98876787400002,-33.31718532299999],[-69.98939040699997,-33.31772117999998],[-69.99005050900001,-33.31785870099998],[-69.990353056,-33.317831196999975],[-69.99078136399999,-33.31756039300001],[-69.99117818399998,-33.317501145999984],[-69.99225085,-33.31744613699999],[-69.99288344799999,-33.317226102999996],[-69.99329601199997,-33.31728111199999],[-69.99357105399997,-33.317501145999984],[-69.99403862700001,-33.318161248000024],[-69.994451191,-33.31871133300001],[-69.99475373799999,-33.319123897],[-69.99519380599997,-33.319701486999975],[-69.99563387400002,-33.31981150399997],[-69.99607394200001,-33.319921521000026],[-69.99667903599999,-33.320004032999975],[-69.99750416400002,-33.32055411900001],[-69.99786171900001,-33.320994187],[-69.99810925700001,-33.32148926299999],[-69.99962178999999,-33.322232289],[-69.99997954700001,-33.32250692100001],[-70.000337102,-33.32258943400001],[-70.00094219599998,-33.322671947],[-70.00168481100002,-33.32272695500001],[-70.002344913,-33.32275445900001],[-70.00264745999999,-33.321736801999975],[-70.00317004099998,-33.321076699],[-70.00347258800002,-33.32038909300002],[-70.00385764700002,-33.31978399899998],[-70.00407768100001,-33.319261417999996],[-70.004407733,-33.318986376],[-70.00512284299998,-33.31851880300002],[-70.00545289399997,-33.31807873499997],[-70.00592046700001,-33.31774868399998],[-70.00674559499998,-33.31730861599999],[-70.00721316699997,-33.31667601800001],[-70.00737819300002,-33.31607092399997],[-70.00765323500002,-33.31541082199999],[-70.00751571400002,-33.31439316500001],[-70.00710314999998,-33.313595540999984],[-70.00685561199998,-33.31279791700001],[-70.00680060299999,-33.31219282400002],[-70.00696562899998,-33.31139519999999],[-70.00726817600003,-33.311010141],[-70.00732318399997,-33.310377543000016],[-70.00743320100003,-33.309854961999974],[-70.008175816,-33.30845224500001],[-70.008368346,-33.30718704899999],[-70.008285833,-33.30592185299997],[-70.00839585,-33.305124229],[-70.00878090999998,-33.30424409300002],[-70.00913846499998,-33.30369400799998],[-70.00916596899998,-33.302978897],[-70.00941350800002,-33.30264884600001],[-70.00990858400002,-33.30212626500003],[-70.01026614,-33.301576179999984],[-70.010348653,-33.30077855600001],[-70.010348653,-33.30025597500003],[-70.01001860100001,-33.29992592399998],[-70.00952352500002,-33.29923831799999],[-70.00922097799997,-33.298935771000004],[-70.00886342299998,-33.298358181000026],[-70.00878090999998,-33.29764307099998],[-70.00913846499998,-33.297368027999994],[-70.00952352500002,-33.29657040500001],[-70.00902844799998,-33.295167687],[-70.00886342299998,-33.29483763600001],[-70.00872590099999,-33.29417753400003],[-70.00858837999999,-33.29365495299999],[-70.008258329,-33.293352406],[-70.00768073900002,-33.29282982500001],[-70.00748821000002,-33.292197226999974],[-70.00751571400002,-33.291124561000004],[-70.00721316699997,-33.29043695500002],[-70.00677309899999,-33.289584322999985],[-70.006333031,-33.288346631000024],[-70.006168005,-33.28732897399999],[-70.00619550900001,-33.286806393000006],[-70.00619550900001,-33.28620129900003],[-70.00589296300001,-33.285843743999976],[-70.00564542400002,-33.285651213999984],[-70.00550790300002,-33.28545868399999],[-70.00570043300002,-33.28532116299999],[-70.006223014,-33.285403675],[-70.006443048,-33.28543117999999],[-70.00713065399998,-33.285266154],[-70.00787326900002,-33.285073624000006],[-70.00878090999998,-33.28433100900003],[-70.00938600299997,-33.28353338599999],[-70.01001860100001,-33.28276326700001],[-70.010431165,-33.28224068600002],[-70.01087123299999,-33.28169059999999],[-70.01122878899997,-33.281250532],[-70.01175137000001,-33.281223028],[-70.01257649799999,-33.28138805399999],[-70.01301656599998,-33.28138805399999],[-70.01364916400001,-33.281168019999996],[-70.014061728,-33.280865473000006],[-70.01488685499999,-33.28072795100002],[-70.01505188099998,-33.28072795100002],[-70.016289572,-33.280260379000026],[-70.01716970899997,-33.27968278999998],[-70.018187366,-33.27902268700001],[-70.018352392,-33.27814255099997],[-70.01854492199999,-33.27772998699999],[-70.01915001499998,-33.277399935999995],[-70.020195177,-33.277289919],[-70.020388335,-33.277284399999985],[-70.02149144700002,-33.276988913000025],[-70.02186873900001,-33.27688784899999],[-70.02190667600001,-33.27690302399998],[-70.022533039,-33.27646479100002],[-70.02291809899998,-33.27602472299998],[-70.02344068000002,-33.275997218999976],[-70.02372182099998,-33.27650333399998],[-70.023935757,-33.276932364000004],[-70.02462336299999,-33.27690485900001],[-70.02555850800002,-33.27682234700001],[-70.02591606300001,-33.27671233000001],[-70.02718125899997,-33.27544713399999],[-70.028033891,-33.27464951000002],[-70.02869399299999,-33.27390689499998],[-70.02902404399998,-33.273494330999995],[-70.02984917200001,-33.273136776],[-70.03045426599999,-33.27297175000001],[-70.03130689800003,-33.272751716000016],[-70.032022009,-33.27225664000002],[-70.03273711899999,-33.27173405899998],[-70.03356224700002,-33.271321494999995],[-70.034084828,-33.27107395600001],[-70.03521250300003,-33.27074390500002],[-70.03678024599998,-33.270716401000016],[-70.03733033100002,-33.270331340999974],[-70.03768788600001,-33.27011130699998],[-70.03782540700001,-33.26956122199999],[-70.03766038200001,-33.268681086000015],[-70.03741284300003,-33.268241018000026],[-70.03735783500002,-33.267085839],[-70.03727532200003,-33.26639823199997],[-70.03658771599999,-33.265408079],[-70.036340177,-33.26452794300002],[-70.036065135,-33.26282267900001],[-70.035982622,-33.26175001299998],[-70.03576258800001,-33.26062233800002],[-70.03504747699998,-33.25996223599998],[-70.034414879,-33.259109604],[-70.034222349,-33.25828447599997],[-70.034084828,-33.257404339999994],[-70.03356224700002,-33.25380128199998],[-70.03312217899997,-33.253168684],[-70.03196700000001,-33.25204100899998],[-70.03078431699998,-33.251160873],[-70.02949161700002,-33.24984066799999],[-70.028391446,-33.24909805300001],[-70.027978883,-33.24893302800001],[-70.02784136100001,-33.248327933999974],[-70.02764883100002,-33.247722839999994],[-70.02676869499999,-33.246815200000015],[-70.026438644,-33.246347628000024],[-70.02654866099999,-33.246017575999986],[-70.02704373799997,-33.24552249999999],[-70.02729127600003,-33.245082432000004],[-70.02781385700001,-33.243679713999995],[-70.02781385700001,-33.243074621000005],[-70.027978883,-33.242442023000024],[-70.02841895099999,-33.241946945999985],[-70.028473959,-33.241534382],[-70.028198917,-33.24123183500001],[-70.02789637000001,-33.24070925400002],[-70.02759382300002,-33.24015916899998],[-70.02723626800002,-33.239444058000004],[-70.02726377200003,-33.238838965000014],[-70.02690621599999,-33.23842640100003],[-70.02602608000001,-33.237463752],[-70.02547599500002,-33.23674864100002],[-70.02533847400002,-33.23622605999998],[-70.02547599500002,-33.235703478999994],[-70.02572353300002,-33.235400932000005],[-70.025971072,-33.235098386000004],[-70.025971072,-33.234658317000026],[-70.026136097,-33.234438282999974],[-70.02652115699999,-33.233998214999986],[-70.02698872899998,-33.233585651],[-70.02704373799997,-33.23314558300001],[-70.02698872899998,-33.232760524000014],[-70.02679619899999,-33.23215542999998],[-70.02704373799997,-33.231825378999986],[-70.02781385700001,-33.23163284899999],[-70.02872149799998,-33.231357806000005],[-70.02938160000002,-33.231330302],[-70.030234232,-33.23113777200001],[-70.03108686399997,-33.23097274700001],[-70.03180197500001,-33.230752713000015],[-70.03235206,-33.230752713000015],[-70.03290214499998,-33.23078021700002],[-70.034414879,-33.229790063999985],[-70.035845101,-33.22912996100001],[-70.03691776699998,-33.22841903099999],[-70.03744034800002,-33.22811230399998],[-70.038017937,-33.22802979099998],[-70.03859552699998,-33.228057294999985],[-70.03914561200003,-33.22816731199998],[-70.039291021,-33.22816731199998],[-70.03964068800002,-33.22816731199998],[-70.04030079099999,-33.228194816999974],[-70.04079586699999,-33.22816731199998],[-70.042033559,-33.22800228699998],[-70.04329875500002,-33.22756221899999],[-70.044178891,-33.227314680000006],[-70.04530656600002,-33.22703963800001],[-70.04662627300002,-33.226362467],[-70.04698563300002,-33.226379579000024],[-70.04855206799999,-33.22610449299998],[-70.04970724700001,-33.22621450999998],[-70.05140434200001,-33.22609768500001],[-70.05193509200001,-33.22610449299998],[-70.05278772399998,-33.226159500999984],[-70.05361285200001,-33.226159500999984],[-70.05397040700001,-33.22599447599998],[-70.054162937,-33.225499399],[-70.053997912,-33.22514184400001],[-70.053997912,-33.22472928000002],[-70.054162937,-33.22426170699998],[-70.05441047599999,-33.22376663099999],[-70.05463050999998,-33.223354067],[-70.05463050999998,-33.22233640899998],[-70.05463050999998,-33.22189634099999],[-70.05482303899998,-33.221538785999996],[-70.05531811600002,-33.221208735000005],[-70.056198252,-33.220383606999974],[-70.056390782,-33.21975100899999],[-70.05696837199997,-33.21796323199999],[-70.05718840600002,-33.21722061700001],[-70.05762847400001,-33.215872907999994],[-70.057958525,-33.21507528500001],[-70.058151055,-33.21471773000002],[-70.05908620000002,-33.213260004000006],[-70.05977380600001,-33.21240737199997],[-70.06057142999998,-33.21067460299997],[-70.06101149800003,-33.21034455199998],[-70.06101149800003,-33.209464416],[-70.06101149800003,-33.20916186900001],[-70.06131404500002,-33.20891433100002],[-70.062084164,-33.208226723999985],[-70.06238671099999,-33.207621630999995],[-70.06274426599998,-33.206879016000016],[-70.06293679599997,-33.206548965000025],[-70.06296429999998,-33.205778845],[-70.06304681300003,-33.205641324],[-70.06345937700002,-33.205421290000004],[-70.06370691500001,-33.205146247000016],[-70.063871941,-33.20470617900003],[-70.06362440200002,-33.20423860699998],[-70.06337686400002,-33.20399106899998],[-70.06365190700001,-33.20261585600002],[-70.063789428,-33.20176322399999],[-70.06395445300001,-33.20104811300001],[-70.063981958,-33.20022298499998],[-70.063789428,-33.19939785700001],[-70.06343187300001,-33.19862773800003],[-70.06304681300003,-33.198077652999984],[-70.06257924099998,-33.19725252500001],[-70.062221685,-33.196729944000026],[-70.06180912100001,-33.19615235499998],[-70.06101149800003,-33.19598732899999],[-70.06051642099999,-33.19571228699999],[-70.05999384,-33.19502468000002],[-70.05969129300001,-33.19422705699998],[-70.05949876400001,-33.193676971],[-70.05941625100002,-33.19304437300002],[-70.05977380600001,-33.19257680099997],[-70.06040640399999,-33.191779177],[-70.06073645499998,-33.191091571000015],[-70.06103900199997,-33.19021143499998],[-70.06147907000002,-33.18955133200001],[-70.061946643,-33.18812111099999],[-70.062249189,-33.187736051],[-70.06244171899999,-33.18696593200002],[-70.06246922399998,-33.18619581299998],[-70.06290929199997,-33.185315677000006],[-70.06312932600002,-33.18429801899998],[-70.06307431699997,-33.183445387000006],[-70.06304681300003,-33.18289530200002],[-70.06307431699997,-33.18242772899998],[-70.06348688100002,-33.18193265299999],[-70.063926949,-33.181602602],[-70.064257,-33.181382568000004],[-70.064257,-33.180584943999975],[-70.064257,-33.18036490999998],[-70.06466956399998,-33.179814824999994],[-70.06499961499998,-33.17915472300001],[-70.06458705099999,-33.179072210000015],[-70.064119479,-33.17912721800002],[-70.06351438500002,-33.17896219300002],[-70.06249672799999,-33.178632142000026],[-70.061726609,-33.178384602999984],[-70.06117652299997,-33.178082055999994],[-70.06070895099998,-33.177724501],[-70.06018637,-33.17700939000002],[-70.05963628500001,-33.175826707],[-70.05930623400002,-33.17527662200001],[-70.05837108899999,-33.174066434999986],[-70.05773849100001,-33.17318629800002],[-70.05727091900002,-33.17249869199998],[-70.05696837199997,-33.17219614499999],[-70.05647329499999,-33.171673564],[-70.05655580799998,-33.17098595800002],[-70.05713339699997,-33.17054588899998],[-70.05729842300002,-33.17018833399999],[-70.05743594400002,-33.169500728],[-70.057821004,-33.16886813000002],[-70.05837108899999,-33.16804300199999],[-70.05919621700002,-33.16730038700001],[-70.05966378900001,-33.16686031900002],[-70.060323891,-33.166392745999985],[-70.06065394199999,-33.16554011400001],[-70.06134458399998,-33.165062464000016],[-70.06172964400002,-33.16445736999998],[-70.06192217400002,-33.16398979799999],[-70.06227972900001,-33.163494721000006],[-70.062774806,-33.162862123000025],[-70.06324237799998,-33.16198198699999],[-70.06348991700003,-33.161294380000015],[-70.06343490799998,-33.16074429499997],[-70.06365494200003,-33.160029183999995],[-70.06398499300002,-33.15914904800002],[-70.06448007,-33.158021373],[-70.06500265099999,-33.156783682000025],[-70.06511266799998,-33.15557349400001],[-70.06494764199999,-33.15494089600003],[-70.064727608,-33.15386823],[-70.064590087,-33.15337315400001],[-70.06412251500001,-33.15257552999998],[-70.06379246400002,-33.15216296599999],[-70.06340740399997,-33.151750402000005],[-70.06304984899998,-33.151447855000015],[-70.06161962700003,-33.15106279600002],[-70.06106954199998,-33.150980283000024],[-70.06040944,-33.15073274500003],[-70.06007938900001,-33.15054021499998],[-70.05991436300002,-33.150072642],[-70.05980434600002,-33.14952255700001],[-70.05950179899997,-33.149137498000016],[-70.058676671,-33.14853240399998],[-70.05818159500001,-33.14820235299999],[-70.05749398799998,-33.147844797000005],[-70.05691639899999,-33.14762476300001],[-70.056256297,-33.14759725900001],[-70.05567870700003,-33.147377225000014],[-70.05504610899999,-33.14696466100003],[-70.054688554,-33.146607105999976],[-70.05427599000001,-33.146139532999996],[-70.05408346000002,-33.145809482000004],[-70.05389093000002,-33.14525939700002],[-70.05364339200003,-33.14462679899998],[-70.05328583699998,-33.144104217999995],[-70.05325833199998,-33.143774167000004],[-70.05342335799997,-33.14292153500003],[-70.05339585399997,-33.142508970999984],[-70.05276325599999,-33.141133758000024],[-70.05240570000001,-33.14028112599999],[-70.05218566600001,-33.13945599800002],[-70.05210315300002,-33.138933416999976],[-70.05155306799998,-33.13838333199999],[-70.05130552999998,-33.137888256],[-70.05125052099999,-33.13731066600002],[-70.05141554699998,-33.136733076999974],[-70.05147055499998,-33.13621049599999],[-70.05155306799998,-33.13557789800001],[-70.05141554699998,-33.13480777900003],[-70.05133303399998,-33.13420268499999],[-70.05199313600002,-33.133790121000004],[-70.05240570000001,-33.133487574000014],[-70.05298328999999,-33.13332254900001],[-70.054496024,-33.13293748900003],[-70.05529364699998,-33.13244241199999],[-70.05622879200001,-33.131919831000005],[-70.056476331,-33.131644789000006],[-70.056586348,-33.131177216000026],[-70.05702641599999,-33.130819660999975],[-70.05790655200002,-33.130352088999985],[-70.058621663,-33.129857012],[-70.05930926899998,-33.12936193500002],[-70.06038193500001,-33.12916940600002],[-70.06082200399999,-33.128921866999974],[-70.06128957599998,-33.12842679099998],[-70.06170214000002,-33.127959218],[-70.062499763,-33.127244107000024],[-70.06302234399999,-33.126886551999974],[-70.06370995100002,-33.12669402199998],[-70.064507574,-33.126584004999984],[-70.06541521499997,-33.12622644999999],[-70.06701046199998,-33.125676365000004],[-70.06789059800002,-33.12515378400002],[-70.06890825599999,-33.12446617699999],[-70.06943083700003,-33.12416363],[-70.07047523099999,-33.12363581300002],[-70.07057037800001,-33.123639094],[-70.07108109199999,-33.12358604100001],[-70.07160367300003,-33.123503528000015],[-70.07226377500001,-33.123641049000014],[-70.07295138199999,-33.12344852000001],[-70.07328143299998,-33.123200981000025],[-70.07369399700002,-33.12251337499998],[-70.07374900500002,-33.12218332399999],[-70.07402404800001,-33.121853273],[-70.074464116,-33.121495717000016],[-70.07487667999999,-33.12105564900003],[-70.07542676499997,-33.120230520999996],[-70.07553678199997,-33.11957041900001],[-70.07578432100001,-33.11921286400002],[-70.076114372,-33.118470248999984],[-70.07614187600001,-33.117837651],[-70.07597685000002,-33.11715004400003],[-70.07548177400002,-33.11613238699999],[-70.07495919299998,-33.11536226700002],[-70.074326595,-33.11461965199999],[-70.07358398000002,-33.11376702000001],[-70.07322642399998,-33.113024404999976],[-70.07295138199999,-33.11236430299999],[-70.072511314,-33.111319141000024],[-70.072401297,-33.11063153499998],[-70.07198873300001,-33.110081449999996],[-70.07185121100002,-33.10939384300002],[-70.07171369000002,-33.108788749999974],[-70.07154866500002,-33.108211159999996],[-70.07130112599998,-33.10755105800001],[-70.070338477,-33.106780938999975],[-70.068715726,-33.10576328100001],[-70.06811063200001,-33.105240700000024],[-70.06758805099997,-33.10477312799998],[-70.06687294099999,-33.10425054699999],[-70.06632285500001,-33.104113025000004],[-70.06610282100002,-33.10378297400001],[-70.06588278700002,-33.10295784700003],[-70.06607531700001,-33.102105214999995],[-70.066377864,-33.10152762500002],[-70.066735419,-33.101060053000026],[-70.06728550399998,-33.100399950999986],[-70.06780808500002,-33.100014891],[-70.06819314500001,-33.099794857000006],[-70.068605709,-33.099107249999975],[-70.068578205,-33.09844714799999],[-70.06890825599999,-33.09781455000001],[-70.06929331499998,-33.09687940499998],[-70.06978839200002,-33.09591675600001],[-70.07011844300001,-33.09531166300002],[-70.070475998,-33.09478908199998],[-70.07036598100001,-33.09426650099999],[-70.06962336599997,-33.093963954],[-70.06929331499998,-33.09366140700001],[-70.06921080299998,-33.09311132200003],[-70.06921080299998,-33.092286193999996],[-70.06899076899998,-33.09168110000002],[-70.06890825599999,-33.090855972999975],[-70.0685507,-33.090003341],[-70.06802811900002,-33.089618281000014],[-70.06720299199998,-33.08928823000002],[-70.06681793199999,-33.08890316999998],[-70.066707915,-33.088518110999985],[-70.06692794899999,-33.08780300000001],[-70.06739552099998,-33.08692286399997],[-70.068605709,-33.084172437999996],[-70.06904577699999,-33.08331980600002],[-70.06912828999998,-33.082577190999984],[-70.06962336599997,-33.08202710500001],[-70.07006343500001,-33.08164204600001],[-70.07025596400001,-33.080885679000005],[-70.070109275,-33.08033559299997],[-70.06963253499998,-33.079822181],[-70.06937582799998,-33.079308767999976],[-70.07007260300003,-33.07875868299999],[-70.07062268800001,-33.078245270000025],[-70.07084272200001,-33.077951891],[-70.07084272200001,-33.07718177200002],[-70.07102608399998,-33.07692506500001],[-70.07142947900002,-33.07641165299998],[-70.07157616900002,-33.075971584],[-70.07157616900002,-33.07490808599999],[-70.07157616900002,-33.07413796700001],[-70.071649514,-33.07358788200003],[-70.07208958199999,-33.072487712],[-70.07223627100001,-33.07186428199998],[-70.072933046,-33.071204179000006],[-70.07344645799998,-33.07065409400002],[-70.07362982000001,-33.069920647000004],[-70.07340978600001,-33.06878380500001],[-70.073263097,-33.06812370199998],[-70.07348313099999,-33.06753694499997],[-70.07388652700001,-33.06720689399998],[-70.07392319899998,-33.066656808999994],[-70.07392319899998,-33.06610672300002],[-70.074216578,-33.065556637999975],[-70.07450995599999,-33.064933208000014],[-70.07450995599999,-33.063833037999984],[-70.07447328400002,-33.063282953],[-70.07476666299999,-33.06265952299998],[-70.07517005900002,-33.06232947199999],[-70.07671029699998,-33.061889404],[-70.07814051899999,-33.061192629000004],[-70.07927736099998,-33.06089924999998],[-70.079900791,-33.06042251000002],[-70.08030418700002,-33.05976240799998],[-70.08063423800002,-33.059212323],[-70.08133101300001,-33.058698909999976],[-70.08217447700002,-33.058515548],[-70.08279790699999,-33.05811215199998],[-70.08353135300001,-33.05767208399999],[-70.08397142199999,-33.057342033],[-70.084704869,-33.05671860299998],[-70.08529162600001,-33.056205190000014],[-70.08591505599998,-33.05550841600001],[-70.08635512400002,-33.05514169200001],[-70.08686853699999,-33.054811641000015],[-70.08789536299997,-33.054554935],[-70.08844544800002,-33.054444918],[-70.08906887799998,-33.05440824499999],[-70.08954561799999,-33.054188210999996],[-70.08998568599998,-33.053858160000004],[-70.090389082,-33.05286800699997],[-70.090865823,-33.05239126599997],[-70.09141590799999,-33.052024543000016],[-70.09196599299997,-33.05187785300001],[-70.09269943999999,-33.051364440999976],[-70.09324952499998,-33.05143778500002],[-70.09346955900003,-33.051291096],[-70.09361624799999,-33.050814355],[-70.09321285300001,-33.05052097700002],[-70.09258942299999,-33.05015425300002],[-70.09218602700003,-33.049494150999976],[-70.09159926900003,-33.048430653000025],[-70.09101251200002,-33.04736715500002],[-70.08994901400001,-33.04667038000002],[-70.08892218800003,-33.046560363000026],[-70.08789536299997,-33.04645034599997],[-70.08716191600001,-33.04645034599997],[-70.08675851999999,-33.046377001999986],[-70.08624510700002,-33.046083623000015],[-70.085951728,-33.045606882000016],[-70.085621677,-33.045240159],[-70.08565835000002,-33.044506711999986],[-70.08547498799999,-33.04362657600001],[-70.08525495399999,-33.04270976700002],[-70.08459485200001,-33.042196354],[-70.08357081000003,-33.041531959999986],[-70.08232116599999,-33.04102283899999],[-70.08125766799998,-33.04054609899998],[-70.08045087599999,-33.03981265200002],[-70.07975410199998,-33.03885917100001],[-70.07926106299999,-33.03719872800002],[-70.07926106299999,-33.035960018000026],[-70.07968192200002,-33.033986675999984],[-70.08004340600002,-33.03296103500003],[-70.080434578,-33.031722324999976],[-70.081021335,-33.031005177],[-70.081608093,-33.02970127100002],[-70.08141250699998,-33.02872334199998],[-70.080695359,-33.02807138899999],[-70.07997821100003,-33.02768021700001],[-70.077435595,-33.02761502200002],[-70.07564048500001,-33.02811201600002],[-70.07551394900003,-33.02808623999999],[-70.07425325000003,-33.028590914000006],[-70.073043063,-33.02884762000002],[-70.071172773,-33.028700931],[-70.06963253499998,-33.028554241999984],[-70.068385675,-33.02833420799999],[-70.06754221099999,-33.02833420799999],[-70.06636869599998,-33.02804082900002],[-70.06537854200002,-33.027600760999974],[-70.06427837199999,-33.02756408800002],[-70.06317820200002,-33.02771077800003],[-70.06211470400001,-33.02837088000001],[-70.06050112100002,-33.02866425899998],[-70.05844746899999,-33.028737603000025],[-70.05756733300001,-33.02837088000001],[-70.05617378400001,-33.02804082900002],[-70.055220303,-33.02789413900001],[-70.053720736,-33.02752005899998],[-70.05257989400002,-33.027344054000025],[-70.05180977499998,-33.02708734800001],[-70.05144305099998,-33.02650059000001],[-70.05107632800002,-33.02602385],[-70.05048957000002,-33.025473765000015],[-70.04920603800002,-33.02510704100001],[-70.04821588499999,-33.02518038599999],[-70.04722573100003,-33.024960351999994],[-70.046712319,-33.024813661999985],[-70.04550213099998,-33.024483610999994],[-70.044035237,-33.023456786],[-70.04304508400003,-33.02283335599998],[-70.04212827499998,-33.02257664899997],[-70.04132148399998,-33.02268666600003],[-70.03997947300002,-33.02290003600001],[-70.038791092,-33.02272333899998],[-70.03721418100002,-33.02272333899998],[-70.03556392600001,-33.02283335599998],[-70.034610445,-33.022649994000005],[-70.03442473000001,-33.022564875],[-70.03373030799997,-33.02224659799998],[-70.03222674199998,-33.02129311700003],[-70.03141995099998,-33.02088972199999],[-70.030759848,-33.020449653000014],[-70.030649831,-33.019716206],[-70.03031978000001,-33.01920279400002],[-70.02987971200002,-33.01846934700001],[-70.029366299,-33.017405849],[-70.028449491,-33.01659905700001],[-70.02804609499998,-33.01582893800003],[-70.02775271600001,-33.01447206099999],[-70.027275976,-33.01307851199999],[-70.02731264800002,-33.01227172],[-70.02712928599999,-33.011574945999996],[-70.02613913300002,-33.01150160100002],[-70.024188568,-33.01072637300001],[-70.023315362,-33.010181397],[-70.02206850200002,-33.00955796699998],[-70.02107834899999,-33.00816441799998],[-70.02095960899999,-33.00760276300002],[-70.020968332,-33.00699090299997],[-70.02089498700002,-33.00592740500002],[-70.02071162599998,-33.00501059599998],[-70.02037970100002,-33.004446324000014],[-70.02034490199998,-33.004387166000015],[-70.02032740700002,-33.004277822000006],[-70.02019821300001,-33.003470357000026],[-70.02039288100002,-33.00320579100003],[-70.02047839300002,-33.00295669100001],[-70.02119223099999,-33.00197516399999],[-70.02119223099999,-33.001380298000015],[-70.021013772,-33.00051774399998],[-70.02131120400003,-32.99965518900001],[-70.021757353,-32.998822378],[-70.021924464,-32.99774386600001],[-70.02210782600002,-32.99712043599999],[-70.02210782600002,-32.996607023000024],[-70.02201250799999,-32.99630894400002],[-70.02177777499998,-32.995983593000005],[-70.021594413,-32.995653542000014],[-70.021484396,-32.99525014599999],[-70.02115434500001,-32.99466338899998],[-70.021007655,-32.99396661399999],[-70.02106929799999,-32.993196082],[-70.02108099999998,-32.993049805],[-70.02119101699998,-32.99264641000002],[-70.02104432800002,-32.99183961799997],[-70.02101055000003,-32.99172702499999],[-70.02082429400002,-32.99110617100001],[-70.02082429400002,-32.990482740999994],[-70.02093431100002,-32.98971262200001],[-70.02130103399998,-32.98883248599998],[-70.02132031100001,-32.98878429400003],[-70.021594413,-32.98809903900002],[-70.02174110200002,-32.98743893699998],[-70.02199780900003,-32.986192077],[-70.02218117000001,-32.98545862999998],[-70.02218117000001,-32.985269421],[-70.02218117000001,-32.98465183799999],[-70.022401204,-32.983955063999986],[-70.022401204,-32.983535416999985],[-70.022401204,-32.98344165100002],[-70.02218117000001,-32.98311159999997],[-70.02210917299999,-32.983071601000006],[-70.02185111900002,-32.982928238],[-70.02141105099997,-32.98274487600003],[-70.02097098299998,-32.98230480799998],[-70.02093431100002,-32.981754722999995],[-70.02115434500001,-32.98116796599999],[-70.02155774099998,-32.98087458700002],[-70.02221130100003,-32.98049620900002],[-70.02225451499999,-32.98047119099999],[-70.02265791100001,-32.980214484999976],[-70.02313465100002,-32.979591055000014],[-70.02342802999999,-32.979150987000025],[-70.02386809799998,-32.97878426300002],[-70.02419814899997,-32.978380867],[-70.02452820000002,-32.97805081600001],[-70.024711562,-32.97768409299999],[-70.02471493399997,-32.97765486999998],[-70.02475298299998,-32.97732511700002],[-70.02482157899999,-32.97673061199998],[-70.02482157899999,-32.97621719900002],[-70.024711562,-32.97563044100002],[-70.024638218,-32.97497033899998],[-70.024619707,-32.97452828799999],[-70.02462919700002,-32.974439716000006],[-70.02542265400001,-32.97328004799999],[-70.02557619800001,-32.973114220000014],[-70.026141784,-32.97284334300002],[-70.02639849000002,-32.972549963999995],[-70.02683855800001,-32.972073223999985],[-70.02702191999998,-32.97155981100002],[-70.02703294899999,-32.971328201999995],[-70.027058592,-32.97078969199998],[-70.02687523100002,-32.97031295099998],[-70.02687523100002,-32.969762865999996],[-70.02669186899999,-32.969432815000005],[-70.026251801,-32.968956074999994],[-70.025665043,-32.96869936799999],[-70.025078286,-32.968479333999994],[-70.024748235,-32.9682593],[-70.02441818300002,-32.96763586999998],[-70.02408813199997,-32.967269147000025],[-70.02342802999999,-32.96671906099999],[-70.02302463400002,-32.966462354999976],[-70.02258456599998,-32.96602228699999],[-70.02210782600002,-32.965582219],[-70.021447723,-32.96503213400001],[-70.02089763800001,-32.96481209900003],[-70.02034755300002,-32.96455539300001],[-70.020090847,-32.963785273999974],[-70.020090847,-32.96341854999997],[-70.019944157,-32.96312517199999],[-70.01993896300002,-32.96311761599998],[-70.01954076200002,-32.962538413999994],[-70.01954076200002,-32.962098346000005],[-70.019614106,-32.96180496699998],[-70.01990748499998,-32.96158493299998],[-70.02016419099999,-32.96121821000003],[-70.02012751900003,-32.960851486000024],[-70.01990748499998,-32.96008136699999],[-70.01988213099997,-32.95970105499998],[-70.01987081300001,-32.959531282],[-70.01968745099998,-32.95890785199998],[-70.01946741699999,-32.958504456000014],[-70.01946741699999,-32.95799104299999],[-70.019724123,-32.957404285999985],[-70.019809065,-32.957098495000025],[-70.01990748499998,-32.95674418300001],[-70.019944157,-32.956450804999974],[-70.01976486699999,-32.95619979899999],[-70.01976079600001,-32.956194098000026],[-70.01950408900001,-32.956010736999986],[-70.01884398700003,-32.95575402999998],[-70.01811054000001,-32.95579070299999],[-70.01712038699998,-32.95560734100002],[-70.01605688900003,-32.955680685000004],[-70.015066735,-32.95549732400002],[-70.01444330499999,-32.955387307000024],[-70.013673186,-32.955093928],[-70.01326978999998,-32.95502058300002],[-70.01257301599998,-32.95502058300002],[-70.01231630900003,-32.95483722199998],[-70.01169288,-32.954397153],[-70.01125281100002,-32.95436048099998],[-70.01077607100001,-32.95436048099998],[-70.01044602000002,-32.954140446999986],[-70.00996927900002,-32.95373705100002],[-70.00905247100002,-32.953480345],[-70.00798897300001,-32.953040277000014],[-70.00688880199999,-32.95223348500002],[-70.00622870000001,-32.951500038000006],[-70.00600866600001,-32.950803264],[-70.005839133,-32.94972604600002],[-70.00581832400002,-32.949665267],[-70.00560526999999,-32.949042991],[-70.005421909,-32.94878628499998],[-70.00537752299999,-32.94876162600002],[-70.00476180599998,-32.94841956099998],[-70.00413837600001,-32.94816285500002],[-70.00384499799998,-32.94779613100002],[-70.00340492999999,-32.94750275199999],[-70.003215195,-32.947384167999985],[-70.00281817199999,-32.94713602899998],[-70.00239909200002,-32.947089464999976],[-70.00215807000001,-32.947062684],[-70.001791346,-32.947062684],[-70.00116791599999,-32.947062684],[-70.000727848,-32.94673263300001],[-70.00066325400002,-32.94615128100003],[-70.00065450400001,-32.94607253100003],[-70.000397797,-32.945669135],[-70.00027161600002,-32.94556097999998],[-70.00014109099999,-32.94544910100001],[-69.999701023,-32.945045704999984],[-69.999334299,-32.94471565399999],[-69.999334299,-32.943652155999985],[-69.999480989,-32.943358777000014],[-69.999921057,-32.94313874300002],[-70.00000326000003,-32.943089422000014],[-70.00010441799998,-32.94302872600002],[-70.00047114199998,-32.94284536499998],[-70.00080119299997,-32.94266200300001],[-70.00105310599997,-32.94197823899998],[-70.00105789899999,-32.941965228000015],[-70.00116791599999,-32.94137847100001],[-70.00160798500002,-32.94079171300001],[-70.001901363,-32.94049833399998],[-70.00234143099999,-32.94016828299999],[-70.00267148299997,-32.939948249],[-70.00289151700002,-32.939434835999975],[-70.00281817199999,-32.93862804499997],[-70.00278150000003,-32.938224649000006],[-70.00292818899999,-32.937711235999984],[-70.00311155100002,-32.93719782300002],[-70.00325823999998,-32.93661106600001],[-70.00347827399997,-32.93639103200002],[-70.00362496399998,-32.936024308000015],[-70.00369830800003,-32.935547568000004],[-70.00358829100003,-32.93503415499998],[-70.00373498099998,-32.93474077600001],[-70.00410170399999,-32.93452074200002],[-70.00417099100002,-32.934474550999994],[-70.00443175499998,-32.93430070800002],[-70.00472513400001,-32.933970656999975],[-70.00502216199999,-32.933592621],[-70.00512852999998,-32.93345724400001],[-70.00531189100002,-32.93301717600002],[-70.00560526999999,-32.93279714200003],[-70.005861977,-32.932577107999975],[-70.00619202799999,-32.932283729000005],[-70.00648540700001,-32.93191700599999],[-70.00670544100001,-32.931696972],[-70.00674211299997,-32.931036869000025],[-70.00652207899998,-32.930560129000014],[-70.00615535499998,-32.93015673299999],[-70.00600866600001,-32.929716665],[-70.00575196,-32.92909323499998],[-70.00534856399997,-32.92887320099999],[-70.004945168,-32.92865316699999],[-70.00457844499999,-32.92828644299999],[-70.004468428,-32.92799306500001],[-70.004426948,-32.927876921000006],[-70.00428506600002,-32.92747965199999],[-70.00380832500002,-32.927112927999985],[-70.003551619,-32.927039584],[-70.003511033,-32.926966529000026],[-70.00336825699998,-32.92670953300001],[-70.00325823999998,-32.92630613699998],[-70.00362496399998,-32.925719378999986],[-70.00391834200002,-32.924949260000005],[-70.00413837600001,-32.924472519000005],[-70.00410170399999,-32.923665728],[-70.00402835900002,-32.923188987],[-70.00373498099998,-32.92282226399999],[-70.003184895,-32.922125488999995],[-70.00274482700001,-32.92153873199999],[-70.00245144899998,-32.92106199099999],[-70.00232659599999,-32.92065622000001],[-70.00230475900003,-32.92058525099998],[-70.00197470799998,-32.92010850999998],[-70.00153463999999,-32.919778458999986],[-70.00082110099999,-32.919538192000005],[-70.000617831,-32.91919170199998],[-70.00047114199998,-32.919118357],[-70.00035478299998,-32.919118357],[-69.999921057,-32.919118357],[-69.99962767800002,-32.91878830600001],[-69.999591006,-32.918384909999986],[-69.999480989,-32.91820154800001],[-69.99929762699998,-32.917908169999976],[-69.99918760999998,-32.91779815299998],[-69.99893090299997,-32.91739475700001],[-69.99893090299997,-32.916844672000025],[-69.998527508,-32.91629458599999],[-69.99845416300002,-32.916074552],[-69.99829921000003,-32.91595403399998],[-69.99812411200003,-32.91581784599998],[-69.99757402699998,-32.91567115700002],[-69.99735399299999,-32.91552446700001],[-69.99691392400001,-32.91537777799999],[-69.99610713300001,-32.91537777799999],[-69.99592887199998,-32.91541343],[-69.99555704800002,-32.91548779499999],[-69.994933618,-32.91530443300002],[-69.99469328800001,-32.915197620000015],[-69.99460356700001,-32.915157744],[-69.99423684300001,-32.91464433099998],[-69.993650086,-32.91438762400003],[-69.99321965500002,-32.91409361900003],[-69.99287996599998,-32.913837538999985],[-69.992586588,-32.91347081599997],[-69.99240322600002,-32.91314076499998],[-69.99184914,-32.91264904399998],[-69.99173124800001,-32.91242799700001],[-69.99133972800001,-32.91226062800001],[-69.99130305599999,-32.911783888],[-69.99126638299998,-32.91108711300001],[-69.99144974500001,-32.910390339],[-69.99174312399998,-32.90973023700002],[-69.99185314099998,-32.90907013399999],[-69.991779796,-32.908410032000006],[-69.99170645100003,-32.90730986199998],[-69.99155976200001,-32.90683312099998],[-69.99152308999999,-32.90609967400002],[-69.99141307299999,-32.90518286600002],[-69.991193038,-32.90459610800002],[-69.99082631499999,-32.90426605699997],[-69.99053293600002,-32.90378931700002],[-69.99020288499997,-32.90360595499999],[-69.990019523,-32.90312921399999],[-69.98972614500002,-32.902615802000014],[-69.98935942100002,-32.902285749999976],[-69.989212732,-32.90210238899999],[-69.98906604199999,-32.90118558],[-69.98906128300001,-32.901158212999974],[-69.989052179,-32.901105868],[-69.98891935299997,-32.90034211599999],[-69.988846008,-32.899645341999985],[-69.988882681,-32.898838549999994],[-69.98913938700002,-32.89784839700002],[-69.98972614500002,-32.89704160500003],[-69.990496264,-32.896564865000016],[-69.99089966000003,-32.89619814100001],[-69.99144974500001,-32.895464694],[-69.99181646800002,-32.89491460900001],[-69.99218319200003,-32.894437869],[-69.99262326000002,-32.893887783000025],[-69.993173345,-32.89344771499998],[-69.99338299099998,-32.89335453899997],[-69.993503396,-32.89330102600002],[-69.993980137,-32.89282428500002],[-69.99423684300001,-32.892567579],[-69.994456877,-32.892017494000015],[-69.994440397,-32.891836212999976],[-69.99442020499998,-32.89161409799999],[-69.99471358400001,-32.891394063999996],[-69.995043635,-32.891027339999994],[-69.99530929100001,-32.890822990000004],[-69.99599711600001,-32.890293894000024],[-69.996327167,-32.889817153000024],[-69.99652584699999,-32.889561706999984],[-69.99658387300002,-32.889487101999975],[-69.99662866900002,-32.889455105000025],[-69.99709728599998,-32.88912037799997],[-69.997243975,-32.889010360999976],[-69.99746400999999,-32.88864363800002],[-69.99751093399999,-32.888540404000025],[-69.99764737100003,-32.888240241999995],[-69.99786740500002,-32.88805688000002],[-69.99808743900002,-32.88754346799999],[-69.99849083499998,-32.88714007200002],[-69.99889423100001,-32.886846692999995],[-69.99915093700002,-32.88666333100002],[-69.99951766100003,-32.88629660800001],[-69.99995772900002,-32.88574652300002],[-70.000397797,-32.88504974799997],[-70.000727848,-32.88457300800002],[-70.00094788199999,-32.884059595],[-70.00127793299998,-32.88380288799999],[-70.00168132900001,-32.88361952700001],[-70.001901363,-32.88343616499998],[-70.00215807000001,-32.88317945900002],[-70.00256146599997,-32.882776062999994],[-70.00333158500001,-32.882189305],[-70.004353992,-32.88194593700001],[-70.00674589599998,-32.88105592699998],[-70.008637986,-32.880872821000025],[-70.01123237299998,-32.88101695400002],[-70.01172955200002,-32.88119915200002],[-70.01220629199997,-32.881345840999984],[-70.01257301599998,-32.88145585799998],[-70.01301308400002,-32.88149253099999],[-70.01345315200001,-32.88119915200002],[-70.01355244000001,-32.881154020999986],[-70.01385654799998,-32.88101578999999],[-70.014486266,-32.88095781599998],[-70.016633592,-32.88007936399998],[-70.017334371,-32.879718357],[-70.0176338,-32.87914549999999],[-70.01858728100001,-32.87877877699998],[-70.01946741699999,-32.878302037000026],[-70.020200864,-32.877825296000026],[-70.02104432800002,-32.8774219],[-70.02138786199998,-32.87730738900001],[-70.021814447,-32.877165193999986],[-70.02254789400001,-32.87679846999998],[-70.02324466800002,-32.876505092],[-70.024161477,-32.87632172999997],[-70.02482157899999,-32.87606502400001],[-70.02540833699999,-32.87610169599998],[-70.02628847300002,-32.876138368],[-70.02687522999997,-32.87588166199998],[-70.02709526500001,-32.87551493799998],[-70.02724195399998,-32.87522156],[-70.02779203900002,-32.87503819800003],[-70.02797540099999,-32.87492818099997],[-70.028452141,-32.874744819],[-70.02922225999998,-32.874744819],[-70.03013906899997,-32.87445143999997],[-70.031019205,-32.87426807899999],[-70.03167930799998,-32.87459812999998],[-70.03244942700002,-32.87459812999998],[-70.03325621800002,-32.874194734000014],[-70.03545655900001,-32.87368132099999],[-70.03630002300002,-32.87349795900002],[-70.037180159,-32.872947873999976],[-70.037876934,-32.87250780599999],[-70.038353674,-32.872141082999974],[-70.038463691,-32.871701013999996],[-70.03839034700002,-32.87133429099998],[-70.03850036400001,-32.87104091200001],[-70.03919713800002,-32.870747533999975],[-70.03982715799998,-32.87056752799998],[-70.03996725799999,-32.87052749899999],[-70.04106742800002,-32.870454155000004],[-70.04172753,-32.870270792999975],[-70.04246097700002,-32.87012410400001],[-70.04315775200001,-32.869977414000005],[-70.04341843399999,-32.869977414000005],[-70.04389119799998,-32.869977414000005],[-70.04418457700001,-32.869830724999986],[-70.044404611,-32.86946400099998],[-70.044476341,-32.868746707000014],[-70.04447795599998,-32.86873055500001],[-70.044844679,-32.867997108],[-70.04506471299999,-32.867190316000006],[-70.04517472999999,-32.86664023100002],[-70.04539476500003,-32.86627350700002],[-70.04587150499998,-32.86583343900003],[-70.046128211,-32.86568675000001],[-70.046604952,-32.865320026000006],[-70.047301726,-32.86458657999998],[-70.04763177799998,-32.86399982199998],[-70.047888484,-32.86355975399999],[-70.04854858599998,-32.86300966900001],[-70.04891530999998,-32.86260627299998],[-70.04983211799998,-32.862202877000016],[-70.050455548,-32.862056188],[-70.05070884700001,-32.86192953800003],[-70.05118899500002,-32.861689463999994],[-70.051849097,-32.86143275799998],[-70.051959114,-32.861249396000005],[-70.052215821,-32.860809328000016],[-70.05234280899998,-32.860569462],[-70.052545872,-32.860185898],[-70.052655889,-32.85992919199998],[-70.05316930200001,-32.85941577900002],[-70.053499353,-32.85912239999999],[-70.053829404,-32.85882902100002],[-70.05419612700001,-32.858462298000006],[-70.05459952299998,-32.857985557999996],[-70.054794603,-32.85788801799998],[-70.05518628099998,-32.857692179000026],[-70.05558967600001,-32.85736212799998],[-70.05573636600002,-32.85684871500001],[-70.05551633200002,-32.85644531899999],[-70.05547965900001,-32.856115267999996],[-70.05540631500003,-32.85556518300001],[-70.05533297,-32.85505176999999],[-70.05514960800002,-32.854538357000024],[-70.05499613400002,-32.85425931200001],[-70.054746212,-32.85380491000001],[-70.054526178,-32.85329149699999],[-70.05448950599998,-32.852668068000014],[-70.05445283400002,-32.852007964999984],[-70.05419612700001,-32.85164124200003],[-70.05408611000001,-32.85101781200001],[-70.05401276600003,-32.84999098600002],[-70.05401276600003,-32.84944090099998],[-70.05426947199999,-32.84885414399997],[-70.054636195,-32.84859743700002],[-70.054856229,-32.84837740299997],[-70.05485880499998,-32.848375858],[-70.05510714600001,-32.84822685400002],[-70.055222953,-32.84793733499998],[-70.05530674800002,-32.847713881999994],[-70.05533297,-32.84764395600001],[-70.055222953,-32.84731390500002],[-70.05496624699998,-32.84713054299999],[-70.054746212,-32.84694718200001],[-70.054716074,-32.84692307099999],[-70.05419612700001,-32.84650711400002],[-70.05386607600002,-32.846287080000025],[-70.05357269699999,-32.845883684],[-70.05357269699999,-32.845406943],[-70.05357269699999,-32.844710168999995],[-70.05357269699999,-32.84405006700001],[-70.05375605900002,-32.84360999799998],[-70.053791122,-32.843561787],[-70.05404943799999,-32.843206603],[-70.05423280000002,-32.842729862],[-70.05426947199999,-32.84221644899998],[-70.05412278300003,-32.841593019000015],[-70.05401276600003,-32.84107960699998],[-70.053939421,-32.84052952100001],[-70.05386607600002,-32.84008945300002],[-70.05364604200003,-32.83979607499998],[-70.05362089599998,-32.83969549],[-70.05357269699999,-32.83950269600001],[-70.05353602500003,-32.838952611000025],[-70.05354251400001,-32.838907189],[-70.05357269699999,-32.83869590400002],[-70.053352663,-32.83821916400001],[-70.05294926800002,-32.837815767999984],[-70.052545872,-32.837522389000014],[-70.05231644700001,-32.83747140600002],[-70.05188577000001,-32.837375699999996],[-70.05151904600001,-32.837045649000004],[-70.05144570099998,-32.83671559800001],[-70.05173738600001,-32.83656975500003],[-70.05173908,-32.836568908000004],[-70.052215821,-32.83627552899998],[-70.05272923400003,-32.835468737999975],[-70.05291259500001,-32.83491865299999],[-70.053865229,-32.83424763400001],[-70.05407933700002,-32.833371037999996],[-70.05562266800001,-32.83138675599997],[-70.05830821500001,-32.830105016999994],[-70.06142100800002,-32.82888431399999],[-70.06331309799998,-32.82809085700001],[-70.06459483600003,-32.82693118899999],[-70.065205188,-32.826198766999994],[-70.06599864499998,-32.825588416000016],[-70.068134875,-32.82552738099997],[-70.069307751,-32.82556926900003],[-70.070514473,-32.825262909],[-70.07150462700002,-32.82518956500002],[-70.07187134999998,-32.82493285800001],[-70.07253145200002,-32.82441944499999],[-70.073191554,-32.824199410999995],[-70.07370496700003,-32.82368599900002],[-70.07429172500002,-32.823245929999985],[-70.074951827,-32.823282602999996],[-70.075391895,-32.823282602999996],[-70.07549152399997,-32.82326865499999],[-70.07722551199998,-32.82302589599999],[-70.07770225299998,-32.822989224000025],[-70.078545717,-32.822585828],[-70.078680786,-32.822324132000006],[-70.079132474,-32.82144898500002],[-70.07949919800001,-32.82097224500001],[-70.08008595500002,-32.82005543600002],[-70.08081940199997,-32.81917529999998],[-70.08136948700002,-32.81836850899998],[-70.08184622800002,-32.81741502800003],[-70.08213960699999,-32.81646154700002],[-70.082396313,-32.81532470399998],[-70.08250633,-32.81459125700002],[-70.08312976000002,-32.81341774200001],[-70.08349648299998,-32.81261095000002],[-70.08412974599997,-32.811374581999985],[-70.08400726299999,-32.81133651699997],[-70.08072662400002,-32.81076049799998],[-70.077186584,-32.810932159000004],[-70.07462310800003,-32.81172180200002],[-70.07123565699999,-32.81235504199998],[-70.067573547,-32.81304550200002],[-70.06418609600001,-32.81373596200001],[-70.06015777599998,-32.813167572],[-70.05802154499997,-32.81222534199998],[-70.056167603,-32.81139373799999],[-70.05383300800003,-32.81080245999999],[-70.05036163300002,-32.810741425],[-70.04819488499999,-32.81129455600001],[-70.04603576699998,-32.811962128000005],[-70.04172515900001,-32.81404495200002],[-70.03890991200001,-32.81587219199997],[-70.03656768799999,-32.817344666],[-70.03408050500002,-32.818881988999976],[-70.03159332299998,-32.820243834999985],[-70.02897644000001,-32.821662903000004],[-70.02607727100002,-32.82303237899998],[-70.02295684799998,-32.82342910800003],[-70.020957947,-32.82254028300002],[-70.01916503899997,-32.82147598300003],[-70.01871933400002,-32.821508956],[-70.01617431599999,-32.82169723499999],[-70.01351928700001,-32.821739197],[-70.010704041,-32.820636749000016],[-70.00996944299999,-32.82024482100002],[-70.00808715800002,-32.81924056999998],[-70.003791809,-32.819023131999984],[-70.001220703,-32.819869994999976],[-69.99858856200001,-32.82094574000001],[-69.99514770500002,-32.822032928],[-69.99169158900003,-32.82277679399999],[-69.98950958299997,-32.822753906],[-69.986381531,-32.822921753],[-69.98273468000002,-32.82406997700002],[-69.98029327400002,-32.82456970200002],[-69.977294922,-32.824443816999974],[-69.97476959199997,-32.824253081999984],[-69.972579956,-32.82388305699999],[-69.96806335399998,-32.82280731200001],[-69.96536254900002,-32.823711394999975],[-69.96306610099998,-32.82455062899999],[-69.95980071999998,-32.824542999000016],[-69.95774841299999,-32.824230193999995],[-69.95508575399998,-32.823757172],[-69.953033447,-32.82350158700001],[-69.95107269300001,-32.824047088999976],[-69.94586181599999,-32.825508118000016],[-69.9426651,-32.825729369999976],[-69.939941406,-32.82548522899998],[-69.93801116899999,-32.824710846000016],[-69.93589019799998,-32.82422637899998],[-69.932823181,-32.823986053],[-69.93002319300001,-32.823627472],[-69.92736816399997,-32.82378005999999],[-69.92351531999998,-32.824989319],[-69.92153167700002,-32.824390411000024],[-69.91802978499999,-32.823234558000024],[-69.915733337,-32.82384490999999],[-69.912635803,-32.82550048799999],[-69.91000366200001,-32.82669067400002],[-69.90797424300001,-32.827007294],[-69.90563964799998,-32.826240540000015],[-69.90319824199997,-32.82685089099999],[-69.90013122599998,-32.82666778599997],[-69.89751434300001,-32.825157166],[-69.89450836200001,-32.82479858400001],[-69.89214325,-32.82552337599998],[-69.890190125,-32.82653045699999],[-69.887733459,-32.826511383000025],[-69.8855896,-32.82780838000002],[-69.88220214799998,-32.828662871999995],[-69.87846374499998,-32.82889175399998],[-69.87557220500003,-32.8307724],[-69.87194061299999,-32.83255004900002],[-69.86928558300002,-32.832763672],[-69.86663055399998,-32.83263015699998],[-69.863975525,-32.83266830399998],[-69.86058807400002,-32.833580016999974],[-69.85713195800002,-32.83438110399999],[-69.85509490999999,-32.834754944],[-69.85314941399997,-32.835933684999986],[-69.85051727299998,-32.83706283599997],[-69.846832275,-32.83683013900003],[-69.84388732899998,-32.83917236299999],[-69.84186554000001,-32.83989334099999],[-69.83872222899998,-32.839420319],[-69.83615875200002,-32.84049224900002],[-69.83469390900001,-32.84212493899997],[-69.832481384,-32.84376525900001],[-69.83045959499998,-32.844772338999974],[-69.82807922400002,-32.845035553],[-69.82612609900002,-32.84586715699999],[-69.82242584199997,-32.848049163999974],[-69.81868743899997,-32.84850311299999],[-69.81640625,-32.84997558600003],[-69.81378173799999,-32.851390838999976],[-69.811279297,-32.852291106999985],[-69.806884766,-32.85390472400002],[-69.80506896999998,-32.854850768999995],[-69.80271911599999,-32.85631942700002],[-69.79981994600001,-32.85779953000002],[-69.79731750500002,-32.85875320399998],[-69.793869019,-32.859722137000006],[-69.791145325,-32.85982131999998],[-69.78918456999997,-32.86048126200001],[-69.78623199499998,-32.86264800999999],[-69.782432556,-32.863334656000006],[-69.77973938000002,-32.864810944],[-69.77683258100001,-32.86594390900001],[-69.77371215800002,-32.86679077100001],[-69.77053070099998,-32.867469787999994],[-69.76731872599998,-32.86728286699997],[-69.76449585,-32.865829468000015],[-69.76278686500001,-32.86200332599998],[-69.760551453,-32.85939025900001],[-69.758338928,-32.85786819499998],[-69.755256653,-32.85687637299998],[-69.75270843499999,-32.85588073700001],[-69.74982452400002,-32.85255050699999],[-69.74855804399999,-32.849441528],[-69.746543884,-32.84734344499998],[-69.74375915500002,-32.844566344999976],[-69.741546631,-32.842758178999986],[-69.73960876500001,-32.8412323],[-69.73691558799999,-32.83960342400002],[-69.73470306399997,-32.837966918999996],[-69.73281860399999,-32.83563995399999],[-69.73052978499999,-32.833660125999984],[-69.72799682599998,-32.83300399799998],[-69.72383117700002,-32.83259964000001],[-69.72183990500002,-32.831825256],[-69.71961975099998,-32.829555511000024],[-69.71775817899999,-32.82837295500002],[-69.71257019000001,-32.82792663599997],[-69.70909118700001,-32.827457428],[-69.70647430399998,-32.826000213999976],[-69.705078125,-32.82446670500002],[-69.70259094199997,-32.82248687700002],[-69.699707031,-32.821376800999985],[-69.69657897899998,-32.821479796999995],[-69.69357299799998,-32.821174622],[-69.69104003899997,-32.820346831999984],[-69.68766021699997,-32.818321228],[-69.68606567400002,-32.816677094],[-69.68350982700002,-32.815044403],[-69.680419922,-32.81370544399999],[-69.67802429199998,-32.81287765500002],[-69.67555236800001,-32.81204605099998],[-69.672607422,-32.81093597400002],[-69.67107391399998,-32.809291840000014],[-69.66839599600002,-32.808120728000006],[-69.66620635999999,-32.807403564000026],[-69.66379547100001,-32.80617141699997],[-69.66157531699997,-32.80407333400001],[-69.659629822,-32.80208587599998],[-69.65755462599998,-32.800273894999975],[-69.65569305399998,-32.798919678000004],[-69.65334320099998,-32.797054290999995],[-69.65180969199997,-32.795524596999996],[-69.650146484,-32.79370498700001],[-69.64794158900003,-32.79235458400001],[-69.64131164600002,-32.79123687700002],[-69.63869476299999,-32.78954696699998],[-69.63614654499997,-32.78779602100002],[-69.63311767599998,-32.786170959],[-69.63086700399998,-32.78602600099998],[-69.62856292700002,-32.78646087599998],[-69.623252869,-32.78635406500001],[-69.61779785200002,-32.785964965999995],[-69.61404418900003,-32.785381316999974],[-69.61081695600001,-32.783813477000024],[-69.60826873799999,-32.782123565999996],[-69.60614013700001,-32.78111648599997],[-69.60379028300002,-32.77919006299999],[-69.60190582299998,-32.776916503999985],[-69.59996795699999,-32.775100708000025],[-69.59700775099998,-32.77359008799999],[-69.59411621100003,-32.77149963400001],[-69.591552734,-32.769058228000006],[-69.59095001200001,-32.76619339000001],[-69.589187622,-32.76282501200001],[-69.58724212599998,-32.76060867299998],[-69.58388519300001,-32.75944519000001],[-69.58136749300002,-32.755855559999986],[-69.57835388199999,-32.754859924000016],[-69.57637023900003,-32.75442504900002],[-69.57421112100002,-32.75163650500002],[-69.57161712599998,-32.751033783000025],[-69.57082366899999,-32.74863052400002],[-69.57026672400002,-32.74449920699999],[-69.56961059600002,-32.74203872700002],[-69.56846618700001,-32.73900604200003],[-69.56604766800001,-32.73714065600001],[-69.56329345699999,-32.73504638700001],[-69.559379578,-32.73337173499999],[-69.556564331,-32.731739043999994],[-69.55347442599998,-32.73016738899997],[-69.54902648900003,-32.72884368899997],[-69.545204163,-32.72797393799999],[-69.54205322299998,-32.72668838499999],[-69.54050445600001,-32.72406387299998],[-69.53869628899997,-32.721614837999994],[-69.53709411599999,-32.71979522700002],[-69.53501129199998,-32.717350006000004],[-69.53266906699997,-32.715595244999975],[-69.53193664600002,-32.713020325],[-69.53161621100003,-32.709976196000014],[-69.53175354000001,-32.706298828],[-69.529388428,-32.703567505000024],[-69.52765655500002,-32.70180892899998],[-69.52678680399998,-32.69871520999999],[-69.52558135999999,-32.696201324000015],[-69.523643494,-32.69438552899999],[-69.522911072,-32.691349030000026],[-69.52237701400003,-32.68807983400001],[-69.520698547,-32.685455321999996],[-69.518066406,-32.68267059300001],[-69.51637268100001,-32.679302215999996],[-69.51599121100003,-32.67723465],[-69.51560974099999,-32.674598694],[-69.514274597,-32.672142028999986],[-69.51081085200002,-32.668907166],[-69.50926971400003,-32.665996552000024],[-69.50874328600003,-32.66324234000001],[-69.505744934,-32.659255981],[-69.502029419,-32.65665817299998],[-69.50022125200002,-32.654090881],[-69.499137878,-32.65082931500001],[-69.497520447,-32.64751434300001],[-69.49338531500001,-32.64501571699998],[-69.49163055399998,-32.641544341999975],[-69.489219666,-32.637504578000005],[-69.48512268100001,-32.63607406599999],[-69.48374939000001,-32.633766174000016],[-69.478103638,-32.629882812000005],[-69.47315216099997,-32.62686538700001],[-69.46802520799997,-32.62442398100001],[-69.46307373000002,-32.622852325],[-69.45693206800001,-32.62128448499999],[-69.45063018799999,-32.62072753899997],[-69.44398498499999,-32.621040343999994],[-69.44006347700002,-32.61989975],[-69.43579864499998,-32.619480133000025],[-69.43052673300002,-32.620220184000004]]],"type":"Polygon"}},{"type":"Feature","properties":{"departamento":"LAS HERAS","cabecera":"LAS HERAS"},"geometry":{"coordinates":[[[-69.12569695100001,-32.00283498499999],[-69.12296057100002,-32.00295395799998],[-69.12212776000001,-32.001883201],[-69.11986727200002,-32.000931417000004],[-69.11809317199999,-32.00155756999999],[-69.11784473,-32.00164525500003],[-69.11641705400001,-32.00247806599998],[-69.11606013400001,-32.00366779699999],[-69.11498937699997,-32.00533341900001],[-69.11467610900002,-32.006451432999995],[-69.11467610900002,-32.008117056],[-69.11550892000002,-32.01025857100001],[-69.116103786,-32.012400086000014],[-69.11646070500001,-32.013827762000005],[-69.11664717299999,-32.01513303799999],[-69.11669865099998,-32.01549338500001],[-69.11669865099998,-32.01576860799997],[-69.11669865099998,-32.01739695399999],[-69.11669865099998,-32.019181548999995],[-69.11646070500001,-32.01989538800001],[-69.115270974,-32.02096614499999],[-69.11431919,-32.022036903000014],[-69.112177675,-32.02322663299998],[-69.11063102499998,-32.02465431000002],[-69.10920334899998,-32.025368147999984],[-69.10789464499999,-32.026557878000006],[-69.10503929200001,-32.02810452799997],[-69.10432545399999,-32.02917528500001],[-69.102540858,-32.03036501600002],[-69.10039934299999,-32.03060296199999],[-69.09778193599999,-32.03060296199999],[-69.09369157499998,-32.031494140999996],[-69.09210466100001,-32.033203125],[-69.091119446,-32.03464804599997],[-69.090643553,-32.03607572200002],[-69.090286634,-32.03690853400002],[-69.08945382299999,-32.037979291],[-69.08826409199997,-32.03976388699999],[-69.08731230799998,-32.041191562999984],[-69.086241551,-32.04261924000002],[-69.085408739,-32.04392794300003],[-69.08552771199999,-32.04583151200001],[-69.08564668499997,-32.046307404000004],[-69.08576565800001,-32.04880583800002],[-69.08576565800001,-32.05005148599997],[-69.08576565800001,-32.05011454200002],[-69.086241551,-32.05237503000001],[-69.08433798200002,-32.054278598999986],[-69.08273109800001,-32.05527333600003],[-69.081839548,-32.05582524800002],[-69.08041187100002,-32.05606319399999],[-69.07862727499997,-32.056182166999974],[-69.07648576100001,-32.057966763000024],[-69.07493911099999,-32.05927546700002],[-69.07291656899997,-32.060227251000015],[-69.07255009,-32.06039971199999],[-69.07089402700001,-32.06117903500001],[-69.06860612600002,-32.064208984000004],[-69.068484055,-32.065979003999985],[-69.067507493,-32.069580078],[-69.066492025,-32.071291744999996],[-69.06577818599999,-32.072600448],[-69.06494537499998,-32.07343325900001],[-69.06446948299998,-32.074385043999996],[-69.06327975200003,-32.07497990899998],[-69.06244694100002,-32.07497990899998],[-69.06185207599998,-32.07533682799999],[-69.06030542600001,-32.076050666000015],[-69.058996723,-32.07676450500003],[-69.0573311,-32.07866807300002],[-69.05626034199997,-32.079143966000004],[-69.05411882800001,-32.08152342699998],[-69.05233423200002,-32.08295110300003],[-69.05150142100001,-32.08354596800001],[-69.049835798,-32.083783915000026],[-69.04805120200001,-32.084259807000024],[-69.04662352600002,-32.08437878000001],[-69.04436303799997,-32.08497364499999],[-69.042816388,-32.085925428999985],[-69.041983577,-32.08628234899999],[-69.039723089,-32.08771002499998],[-69.038057466,-32.08949462099997],[-69.03508313999998,-32.09080332399998],[-69.03341751699998,-32.09116024399998],[-69.03080010999997,-32.09270689300001],[-69.028712584,-32.09412342799999],[-69.027468865,-32.094967381000004],[-69.02723091899998,-32.095443273],[-69.02556529600002,-32.09710889600001],[-69.02425659300002,-32.09901246499999],[-69.02366172699999,-32.10044014099998],[-69.022234051,-32.102700629000026],[-69.022234051,-32.10317652100002],[-69.01971696499999,-32.105712890999996],[-69.01831315700002,-32.108276366999974],[-69.017702805,-32.110900878999985],[-69.01660417300002,-32.11260986299999],[-69.01550553999999,-32.11358642599998],[-69.01361344999998,-32.11431884799998],[-69.01283518000002,-32.115311771999984],[-69.01164544900001,-32.116501502999995],[-69.01057469199998,-32.11685842200001],[-69.009147015,-32.11709636799998],[-69.00700550099998,-32.11721534100002],[-69.005577824,-32.11709636799998],[-69.002960417,-32.11745328699999],[-69.00177068599999,-32.11792917899999],[-69.00034301,-32.11792917899999],[-68.998082522,-32.11792917899999],[-68.99688981700001,-32.117675781],[-68.98388932900002,-32.11297607400002],[-68.95678971900003,-32.108886719],[-68.91761523299999,-32.11464642599998],[-68.91761308999997,-32.33804154799998],[-68.66571305899998,-32.337097168000014],[-68.513583676,-32.262575846000004],[-68.51213836699998,-32.26584625200002],[-68.51125335699999,-32.268474578999985],[-68.51008605999999,-32.27185058600003],[-68.507774353,-32.27642059300001],[-68.50540161100002,-32.28007888799999],[-68.50355529799998,-32.28556823700001],[-68.504547119,-32.290206909000005],[-68.50432586699998,-32.29644393900003],[-68.50453836000003,-32.29699445599999],[-68.50646972700002,-32.30199813799999],[-68.50617980999999,-32.30800628700001],[-68.505073547,-32.313842772999976],[-68.504112244,-32.318874359000006],[-68.50111389199998,-32.32424926800002],[-68.50014495800002,-32.330997466999975],[-68.50215148900003,-32.33735656699997],[-68.50718689000001,-32.34623718300003],[-68.512374878,-32.35186004600001],[-68.51539611800001,-32.357189178],[-68.51700591999997,-32.36182785],[-68.51955413799999,-32.367958069],[-68.52164459199997,-32.370651244999976],[-68.525558472,-32.372722625999984],[-68.53150939900002,-32.37410736099997],[-68.53738403300002,-32.375553131000004],[-68.54258728000002,-32.376480103000006],[-68.54901123000002,-32.377468109000006],[-68.55442047100001,-32.37845230099998],[-68.56240081800001,-32.379497528],[-68.57524108899997,-32.38249969499998],[-68.577468872,-32.38502120999999],[-68.57868194600002,-32.387142181],[-68.58063507100002,-32.39029312100001],[-68.58326721200001,-32.39367294300001],[-68.58670043900003,-32.39797210699999],[-68.59230041500001,-32.403934478999986],[-68.598442078,-32.410812378],[-68.604377747,-32.416889190999996],[-68.60768890399999,-32.421302794999974],[-68.61227416999998,-32.427261353000006],[-68.617263794,-32.43321990999999],[-68.62050628700001,-32.43906402599998],[-68.62151336699998,-32.442497253],[-68.62393188499999,-32.44852829000001],[-68.62570190399998,-32.45404815699999],[-68.63278198199998,-32.47417831400003],[-68.65158844000001,-32.53999710099998],[-68.65337371800001,-32.543045043999996],[-68.66001129199998,-32.56721878100001],[-68.66123199499998,-32.571693419999974],[-68.66266632100002,-32.57388687100001],[-68.66394043000003,-32.57579421999998],[-68.66660308799999,-32.583286284999986],[-68.67022705099998,-32.59255218499999],[-68.67221832299998,-32.59763336200001],[-68.672889709,-32.61163711500001],[-68.672813416,-32.615272522],[-68.67238616899999,-32.61746215800002],[-68.66490173300002,-32.63674163799999],[-68.65911102299998,-32.65186309799998],[-68.65854644799998,-32.65388107299998],[-68.65917205800002,-32.66344070399998],[-68.65982055699999,-32.67480087299998],[-68.66044616699998,-32.67751312299998],[-68.66200256299999,-32.68060302700002],[-68.66423797599998,-32.68544006299999],[-68.69175720200002,-32.739990234000004],[-68.69451904300001,-32.74609375],[-68.66933441200001,-32.73984527599998],[-68.67042541500001,-32.74328994799998],[-68.68070983899997,-32.76257705699999],[-68.690391541,-32.781803131000004],[-68.69396972700002,-32.79275131200001],[-68.69516754199998,-32.79822921800002],[-68.68168640099998,-32.81908416700003],[-68.68064880399999,-32.82207489000001],[-68.681526184,-32.825012206999986],[-68.68360137899998,-32.82677841200001],[-68.68791961699998,-32.82925796500001],[-68.690879822,-32.828552246000015],[-68.69711303700001,-32.831207275],[-68.699180603,-32.832969666],[-68.70542144799998,-32.8347435],[-68.71166229200003,-32.83651733400001],[-68.716720581,-32.83982849099999],[-68.71894073499999,-32.841304778999984],[-68.72204589799998,-32.841815947999976],[-68.72829437299998,-32.841831206999984],[-68.73452758799999,-32.84360504199998],[-68.74076843300003,-32.84537506100003],[-68.744926453,-32.847141265999994],[-68.75012206999997,-32.85066986099997],[-68.75323486299999,-32.85155487100002],[-68.75531768799999,-32.85331726099997],[-68.75843810999999,-32.85420608499999],[-68.76723480200002,-32.85533142100002],[-68.770355225,-32.85618591299999],[-68.776123047,-32.85687637299998],[-68.778205872,-32.855998993000014],[-68.781326294,-32.856006621999995],[-68.78548431399997,-32.85777282700002],[-68.78823089600002,-32.858551025],[-68.79084014900002,-32.85908126800001],[-68.79442596400003,-32.86011505099998],[-68.79644775399998,-32.86029815699999],[-68.79850006100003,-32.862575531000005],[-68.80603027299998,-32.86460495],[-68.80841827400002,-32.86622238199999],[-68.81224823000002,-32.867740631000004],[-68.815711975,-32.87036895799997],[-68.81951904300001,-32.872127533000025],[-68.81838226299999,-32.86902999900002],[-68.81656646699997,-32.866661072],[-68.82060241699998,-32.865119934000006],[-68.82493591299999,-32.864578247],[-68.827957153,-32.864608765000014],[-68.831413269,-32.86476516699997],[-68.83164215099998,-32.860351562999995],[-68.84552764900002,-32.86061096200001],[-68.85049438499999,-32.86127853400001],[-68.857589722,-32.86157608000002],[-68.95726776100003,-32.86164855999999],[-68.95724487299998,-32.90150451699998],[-68.95721435500002,-32.958366393999995],[-68.901557922,-32.955177306999985],[-68.88584899900002,-32.959049225],[-68.87069702100001,-32.95983123799999],[-68.86412811299999,-32.958816528],[-68.87003326400003,-32.962093353],[-68.871864319,-32.96460342400002],[-68.87427520799997,-32.96816635099998],[-68.87854003899997,-32.97287368799999],[-68.886268616,-32.98128128100001],[-68.89536285399998,-32.99067306500001],[-68.90081024199998,-32.992176056000005],[-68.90267181399997,-32.993309021000016],[-68.90457153300002,-32.995071411000026],[-68.907623291,-32.997558594],[-68.91162872299998,-33.00046539300001],[-68.91403961200001,-33.00310134900002],[-68.91628265399999,-33.00461959799998],[-68.92058563199998,-33.00605010999999],[-68.92526245099998,-33.006092072],[-68.92768859900002,-33.00616073600003],[-68.93257141100003,-33.008373259999985],[-68.93759918199999,-33.01159286500001],[-68.94011688199998,-33.013149261000024],[-68.94477844199997,-33.015586853],[-68.94840240500002,-33.01706695600001],[-68.95044708299997,-33.01792907700002],[-68.95229339600002,-33.01871109000001],[-68.95615386999998,-33.020294189000026],[-68.95864105200002,-33.02143478400001],[-68.9608078,-33.022182465000014],[-68.96430969199997,-33.02317428600003],[-68.96720123300003,-33.02389144900002],[-68.96936035200002,-33.02428436299999],[-68.97221374499998,-33.02520751999998],[-68.97459411599999,-33.026950836000026],[-68.97531890900001,-33.030059814000026],[-68.98029327400002,-33.03587341299999],[-68.984954834,-33.03774642899998],[-68.989013672,-33.03869628899997],[-68.99115753199999,-33.03897857700002],[-68.99367523199999,-33.039295197],[-68.99978637700002,-33.03934097299998],[-69.003623962,-33.04180526699997],[-69.00603485099998,-33.04108810399998],[-69.00843810999999,-33.04007339499998],[-69.01081085200002,-33.03954696699998],[-69.01339721699998,-33.03924560500002],[-69.01849365200002,-33.040222168000014],[-69.02304840099998,-33.04142761200001],[-69.027061462,-33.04198837299998],[-69.02960968000002,-33.04217910800003],[-69.03250885,-33.0418396],[-69.03590393100001,-33.04116058300002],[-69.03813171399997,-33.04093551599999],[-69.04130554199998,-33.04112243700001],[-69.04561615,-33.042407990000015],[-69.04829406699997,-33.043983459],[-69.05048370399999,-33.04646682700002],[-69.05325317400002,-33.047595978000004],[-69.05579376200001,-33.04819488499999],[-69.05798339799998,-33.04887008700001],[-69.06070709199997,-33.049095153999986],[-69.063796997,-33.04838180500002],[-69.06581115699998,-33.04838180500002],[-69.067909241,-33.049095153999986],[-69.07089996299999,-33.04913330099998],[-69.07389068600003,-33.049880981],[-69.07647705099998,-33.049995421999995],[-69.07991790800003,-33.04942703199998],[-69.083084106,-33.04987716699998],[-69.085731506,-33.05055236800001],[-69.08885955800002,-33.04968643199999],[-69.09099578899998,-33.04817962599998],[-69.09291839600002,-33.04674911500001],[-69.09345245399999,-33.044567108000024],[-69.09541320800002,-33.043361663999974],[-69.09719085699999,-33.04214859000001],[-69.09973144499997,-33.04116821299999],[-69.1015625,-33.039588928],[-69.102088928,-33.03668975800002],[-69.10365295399998,-33.034282684000004],[-69.10520935099998,-33.03183746299999],[-69.10654449499998,-33.029914856000005],[-69.10814666700003,-33.02846908599997],[-69.11029052700002,-33.028320312000005],[-69.11207580600001,-33.02700042700002],[-69.11452484099999,-33.02564239499998],[-69.113189697,-33.024066925],[-69.11225128199999,-33.02188491800001],[-69.11260223400001,-33.01925277700002],[-69.113487244,-33.01665496800001],[-69.115028381,-33.014057159000004],[-69.11579132100002,-33.011989594],[-69.11895751999998,-33.01131057700002],[-69.11971283000003,-33.00942993199999],[-69.12077331500001,-33.00570678700001],[-69.12393951400003,-33.00419998199999],[-69.126480103,-33.002243041999975],[-69.12718963600003,-32.99995040900001],[-69.12844085699999,-32.997756958000025],[-69.12679290800003,-32.99564743000002],[-69.13299560500002,-32.991313934000004],[-69.136604309,-32.990707396999994],[-69.14054107700002,-32.98929214499998],[-69.14408874499998,-32.989009856999985],[-69.14680480999999,-32.98597717299998],[-69.14932250999999,-32.983764647999976],[-69.153320312,-32.97957611099997],[-69.15785980200002,-32.97642898599997],[-69.1614151,-32.974674225],[-69.16722106899999,-32.97048568700001],[-69.168739319,-32.966850281000006],[-69.170539856,-32.96413421599999],[-69.17290496800001,-32.96261596699998],[-69.17485809300001,-32.961162566999974],[-69.17774200399998,-32.957458496000015],[-69.17987823499999,-32.954620361000025],[-69.18186950699999,-32.95186615],[-69.18344879199998,-32.949150084999985],[-69.187782288,-32.947208405000026],[-69.19139099099999,-32.947246552000024],[-69.19342804000001,-32.94681167599998],[-69.19638061500001,-32.946304321000014],[-69.197998047,-32.94399642899998],[-69.19967651399998,-32.942703247],[-69.20212554900002,-32.94140625],[-69.20293426500001,-32.93835067700002],[-69.20501709000001,-32.936408997],[-69.207107544,-32.934165955000026],[-69.20980835,-32.93347549399999],[-69.21256256100003,-32.932308197],[-69.21478271500001,-32.93090057400002],[-69.21747589099999,-32.928401947],[-69.22125244099999,-32.925895690999994],[-69.225265503,-32.925052643000015],[-69.228271484,-32.92582702599998],[-69.230674744,-32.926837921000015],[-69.233795166,-32.92605972299998],[-69.23565673799999,-32.922939300999985],[-69.23769378700001,-32.91791915900001],[-69.239105225,-32.916355133000025],[-69.24156189000001,-32.91655731200001],[-69.24499511699997,-32.91824722299998],[-69.24733734099999,-32.919719696000016],[-69.25019073499999,-32.91934585600001],[-69.254150391,-32.919940947999976],[-69.25911712599998,-32.91897201500001],[-69.26063537599998,-32.915622711000026],[-69.26086425800003,-32.912918090999995],[-69.26177978499999,-32.910324097],[-69.26357269300001,-32.90748977700002],[-69.26353454600002,-32.90467453000002],[-69.262191772,-32.901527405000024],[-69.26296234099999,-32.89864730800002],[-69.26201629600001,-32.89480590800002],[-69.261024475,-32.89240264900002],[-69.261924744,-32.88859939600002],[-69.26099395799997,-32.885677337999994],[-69.261138916,-32.88182449300001],[-69.26190948499999,-32.87871551500001],[-69.263916016,-32.8764534],[-69.26565551800002,-32.87448120099998],[-69.26678466800001,-32.872173309000004],[-69.26721191399997,-32.869178772],[-69.26717376699997,-32.86653518700001],[-69.26669311500001,-32.86182785],[-69.26540374799998,-32.85781860399999],[-69.26486969000001,-32.85391616800001],[-69.264816284,-32.85075759900002],[-69.26526641800001,-32.84868240399999],[-69.26713561999998,-32.84613418599997],[-69.269493103,-32.844444275],[-69.27294158900003,-32.843029021999996],[-69.27606201200001,-32.842021941999974],[-69.278694153,-32.84078979499998],[-69.28105163599997,-32.83909988400001],[-69.284011841,-32.83648300200002],[-69.28687286399997,-32.832603455000026],[-69.28922271699997,-32.830280303999984],[-69.29239654499997,-32.82852172899999],[-69.295372009,-32.82728576699998],[-69.29801178000002,-32.826225281000006],[-69.29960632299998,-32.823562622],[-69.29949188199998,-32.820747374999996],[-69.29681396500001,-32.814743041999975],[-69.29845428499999,-32.81087493899997],[-69.300292969,-32.806602478],[-69.304031372,-32.802139281999985],[-69.30706787100002,-32.80003738400001],[-69.30947113000002,-32.797485352000024],[-69.312217712,-32.79441070600001],[-69.313591003,-32.790946959999985],[-69.31313324000001,-32.787963866999974],[-69.31334686299999,-32.78405380200002],[-69.31322479200003,-32.780723572],[-69.31369781500001,-32.77600479099999],[-69.31304168700001,-32.77325439499998],[-69.31318664600002,-32.76951599099999],[-69.31372833299997,-32.76531600999999],[-69.31288146999998,-32.76325607299998],[-69.31223297100001,-32.761020659999986],[-69.31300354000001,-32.75790786699997],[-69.31464385999999,-32.75415801999998],[-69.31726074199997,-32.751716613999974],[-69.320144653,-32.749214171999995],[-69.32252502400002,-32.745052337999994],[-69.32404327400002,-32.74221801800002],[-69.32453918499999,-32.73928451500001],[-69.325157166,-32.73530960099998],[-69.32648468000002,-32.73294067400002],[-69.32797241200001,-32.72809600800002],[-69.328948975,-32.72538757299998],[-69.33061218300003,-32.72324371299999],[-69.33149719199997,-32.71926879900002],[-69.33369445800002,-32.71591186500001],[-69.336105347,-32.713932037000006],[-69.33684539799998,-32.709152222],[-69.33896636999998,-32.705741881999984],[-69.340667725,-32.70141220099998],[-69.341514587,-32.699333190999994],[-69.34338378899997,-32.69701385500002],[-69.34421539300001,-32.693786621000015],[-69.34540557899999,-32.69153213499999],[-69.34714508100001,-32.68990707400002],[-69.350395203,-32.689353943000015],[-69.3543396,-32.68925476099997],[-69.356895447,-32.687328338999976],[-69.35835266100003,-32.685073853000006],[-69.35849761999998,-32.68144989000001],[-69.359939575,-32.67821502700002],[-69.36147308300002,-32.676532744999975],[-69.36314392100002,-32.674560547],[-69.36460876500001,-32.672992706],[-69.36699676500001,-32.66934585600001],[-69.36928558300002,-32.66811370800002],[-69.37117767299998,-32.66706085200002],[-69.37378692599998,-32.66450119000001],[-69.374565125,-32.66225433300002],[-69.37669372599998,-32.65958785999999],[-69.378211975,-32.656982422],[-69.38092804000001,-32.652816771999994],[-69.38374328600003,-32.64883804300001],[-69.38787078899998,-32.64436721800001],[-69.39194488499999,-32.642185211000026],[-69.39347076400003,-32.639431],[-69.39516449000001,-32.637401581000006],[-69.396522522,-32.635662078999985],[-69.39906310999999,-32.633197784000004],[-69.40229797400002,-32.63203048700001],[-69.40570068400001,-32.631149291999975],[-69.40858459499998,-32.628105163999976],[-69.41044616699998,-32.626361847],[-69.41197204600002,-32.62462234499998],[-69.41486358600002,-32.622444153000004],[-69.42678070099998,-32.62124633799999],[-69.43052673300002,-32.620220184000004],[-69.43579864499998,-32.619480133000025],[-69.44006347700002,-32.61989975],[-69.44398498499999,-32.621040343999994],[-69.45063018799999,-32.62072753899997],[-69.45693206800001,-32.62128448499999],[-69.46307373000002,-32.622852325],[-69.46802520799997,-32.62442398100001],[-69.47315216099997,-32.62686538700001],[-69.478103638,-32.629882812000005],[-69.48374939000001,-32.633766174000016],[-69.48512268100001,-32.63607406599999],[-69.489219666,-32.637504578000005],[-69.49163055399998,-32.641544341999975],[-69.49338531500001,-32.64501571699998],[-69.497520447,-32.64751434300001],[-69.499137878,-32.65082931500001],[-69.50022125200002,-32.654090881],[-69.502029419,-32.65665817299998],[-69.505744934,-32.659255981],[-69.50874328600003,-32.66324234000001],[-69.50926971400003,-32.665996552000024],[-69.51081085200002,-32.668907166],[-69.514274597,-32.672142028999986],[-69.51560974099999,-32.674598694],[-69.51599121100003,-32.67723465],[-69.51637268100001,-32.679302215999996],[-69.518066406,-32.68267059300001],[-69.520698547,-32.685455321999996],[-69.52237701400003,-32.68807983400001],[-69.522911072,-32.691349030000026],[-69.523643494,-32.69438552899999],[-69.52558135999999,-32.696201324000015],[-69.52678680399998,-32.69871520999999],[-69.52765655500002,-32.70180892899998],[-69.529388428,-32.703567505000024],[-69.53175354000001,-32.706298828],[-69.53161621100003,-32.709976196000014],[-69.53193664600002,-32.713020325],[-69.53266906699997,-32.715595244999975],[-69.53501129199998,-32.717350006000004],[-69.53709411599999,-32.71979522700002],[-69.53869628899997,-32.721614837999994],[-69.54050445600001,-32.72406387299998],[-69.54205322299998,-32.72668838499999],[-69.545204163,-32.72797393799999],[-69.54902648900003,-32.72884368899997],[-69.55347442599998,-32.73016738899997],[-69.556564331,-32.731739043999994],[-69.559379578,-32.73337173499999],[-69.56329345699999,-32.73504638700001],[-69.56604766800001,-32.73714065600001],[-69.56846618700001,-32.73900604200003],[-69.56961059600002,-32.74203872700002],[-69.57026672400002,-32.74449920699999],[-69.57082366899999,-32.74863052400002],[-69.57161712599998,-32.751033783000025],[-69.57421112100002,-32.75163650500002],[-69.57637023900003,-32.75442504900002],[-69.57835388199999,-32.754859924000016],[-69.58136749300002,-32.755855559999986],[-69.58388519300001,-32.75944519000001],[-69.58724212599998,-32.76060867299998],[-69.589187622,-32.76282501200001],[-69.59095001200001,-32.76619339000001],[-69.591552734,-32.769058228000006],[-69.59411621100003,-32.77149963400001],[-69.59700775099998,-32.77359008799999],[-69.59996795699999,-32.775100708000025],[-69.60190582299998,-32.776916503999985],[-69.60379028300002,-32.77919006299999],[-69.60614013700001,-32.78111648599997],[-69.60826873799999,-32.782123565999996],[-69.61081695600001,-32.783813477000024],[-69.61404418900003,-32.785381316999974],[-69.61779785200002,-32.785964965999995],[-69.623252869,-32.78635406500001],[-69.62856292700002,-32.78646087599998],[-69.63086700399998,-32.78602600099998],[-69.63311767599998,-32.786170959],[-69.63614654499997,-32.78779602100002],[-69.63869476299999,-32.78954696699998],[-69.64131164600002,-32.79123687700002],[-69.64794158900003,-32.79235458400001],[-69.650146484,-32.79370498700001],[-69.65180969199997,-32.795524596999996],[-69.65334320099998,-32.797054290999995],[-69.65569305399998,-32.798919678000004],[-69.65755462599998,-32.800273894999975],[-69.659629822,-32.80208587599998],[-69.66157531699997,-32.80407333400001],[-69.66379547100001,-32.80617141699997],[-69.66620635999999,-32.807403564000026],[-69.66839599600002,-32.808120728000006],[-69.67107391399998,-32.809291840000014],[-69.672607422,-32.81093597400002],[-69.67555236800001,-32.81204605099998],[-69.67802429199998,-32.81287765500002],[-69.680419922,-32.81370544399999],[-69.68350982700002,-32.815044403],[-69.68606567400002,-32.816677094],[-69.68766021699997,-32.818321228],[-69.69104003899997,-32.820346831999984],[-69.69357299799998,-32.821174622],[-69.69657897899998,-32.821479796999995],[-69.699707031,-32.821376800999985],[-69.70259094199997,-32.82248687700002],[-69.705078125,-32.82446670500002],[-69.70647430399998,-32.826000213999976],[-69.70909118700001,-32.827457428],[-69.71257019000001,-32.82792663599997],[-69.71775817899999,-32.82837295500002],[-69.71961975099998,-32.829555511000024],[-69.72183990500002,-32.831825256],[-69.72383117700002,-32.83259964000001],[-69.72799682599998,-32.83300399799998],[-69.73052978499999,-32.833660125999984],[-69.73281860399999,-32.83563995399999],[-69.73470306399997,-32.837966918999996],[-69.73691558799999,-32.83960342400002],[-69.73960876500001,-32.8412323],[-69.741546631,-32.842758178999986],[-69.74375915500002,-32.844566344999976],[-69.746543884,-32.84734344499998],[-69.74855804399999,-32.849441528],[-69.74982452400002,-32.85255050699999],[-69.75270843499999,-32.85588073700001],[-69.755256653,-32.85687637299998],[-69.758338928,-32.85786819499998],[-69.760551453,-32.85939025900001],[-69.76278686500001,-32.86200332599998],[-69.76449585,-32.865829468000015],[-69.76731872599998,-32.86728286699997],[-69.77053070099998,-32.867469787999994],[-69.77371215800002,-32.86679077100001],[-69.77683258100001,-32.86594390900001],[-69.77973938000002,-32.864810944],[-69.782432556,-32.863334656000006],[-69.78623199499998,-32.86264800999999],[-69.78918456999997,-32.86048126200001],[-69.791145325,-32.85982131999998],[-69.793869019,-32.859722137000006],[-69.79731750500002,-32.85875320399998],[-69.79981994600001,-32.85779953000002],[-69.80271911599999,-32.85631942700002],[-69.80506896999998,-32.854850768999995],[-69.806884766,-32.85390472400002],[-69.811279297,-32.852291106999985],[-69.81378173799999,-32.851390838999976],[-69.81640625,-32.84997558600003],[-69.81868743899997,-32.84850311299999],[-69.82242584199997,-32.848049163999974],[-69.82612609900002,-32.84586715699999],[-69.82807922400002,-32.845035553],[-69.83045959499998,-32.844772338999974],[-69.832481384,-32.84376525900001],[-69.83469390900001,-32.84212493899997],[-69.83615875200002,-32.84049224900002],[-69.83872222899998,-32.839420319],[-69.84186554000001,-32.83989334099999],[-69.84388732899998,-32.83917236299999],[-69.846832275,-32.83683013900003],[-69.85051727299998,-32.83706283599997],[-69.85314941399997,-32.835933684999986],[-69.85509490999999,-32.834754944],[-69.85713195800002,-32.83438110399999],[-69.86058807400002,-32.833580016999974],[-69.863975525,-32.83266830399998],[-69.86663055399998,-32.83263015699998],[-69.86928558300002,-32.832763672],[-69.87194061299999,-32.83255004900002],[-69.87557220500003,-32.8307724],[-69.87846374499998,-32.82889175399998],[-69.88220214799998,-32.828662871999995],[-69.8855896,-32.82780838000002],[-69.887733459,-32.826511383000025],[-69.890190125,-32.82653045699999],[-69.89214325,-32.82552337599998],[-69.89450836200001,-32.82479858400001],[-69.89751434300001,-32.825157166],[-69.90013122599998,-32.82666778599997],[-69.90319824199997,-32.82685089099999],[-69.90563964799998,-32.826240540000015],[-69.90797424300001,-32.827007294],[-69.91000366200001,-32.82669067400002],[-69.912635803,-32.82550048799999],[-69.915733337,-32.82384490999999],[-69.91802978499999,-32.823234558000024],[-69.92153167700002,-32.824390411000024],[-69.92351531999998,-32.824989319],[-69.92736816399997,-32.82378005999999],[-69.93002319300001,-32.823627472],[-69.932823181,-32.823986053],[-69.93589019799998,-32.82422637899998],[-69.93801116899999,-32.824710846000016],[-69.939941406,-32.82548522899998],[-69.9426651,-32.825729369999976],[-69.94586181599999,-32.825508118000016],[-69.95107269300001,-32.824047088999976],[-69.953033447,-32.82350158700001],[-69.95508575399998,-32.823757172],[-69.95774841299999,-32.824230193999995],[-69.95980071999998,-32.824542999000016],[-69.96306610099998,-32.82455062899999],[-69.96536254900002,-32.823711394999975],[-69.96806335399998,-32.82280731200001],[-69.972579956,-32.82388305699999],[-69.97476959199997,-32.824253081999984],[-69.977294922,-32.824443816999974],[-69.98029327400002,-32.82456970200002],[-69.98273468000002,-32.82406997700002],[-69.986381531,-32.822921753],[-69.98950958299997,-32.822753906],[-69.99169158900003,-32.82277679399999],[-69.99514770500002,-32.822032928],[-69.99858856200001,-32.82094574000001],[-70.001220703,-32.819869994999976],[-70.003791809,-32.819023131999984],[-70.00808715800002,-32.81924056999998],[-70.00996944299999,-32.82024482100002],[-70.010704041,-32.820636749000016],[-70.01351928700001,-32.821739197],[-70.01617431599999,-32.82169723499999],[-70.01871933400002,-32.821508956],[-70.01916503899997,-32.82147598300003],[-70.020957947,-32.82254028300002],[-70.02295684799998,-32.82342910800003],[-70.02607727100002,-32.82303237899998],[-70.02897644000001,-32.821662903000004],[-70.03159332299998,-32.820243834999985],[-70.03408050500002,-32.818881988999976],[-70.03656768799999,-32.817344666],[-70.03890991200001,-32.81587219199997],[-70.04172515900001,-32.81404495200002],[-70.04603576699998,-32.811962128000005],[-70.04819488499999,-32.81129455600001],[-70.05036163300002,-32.810741425],[-70.05240218900002,-32.81077730200002],[-70.05383300800003,-32.81080245999999],[-70.056167603,-32.81139373799999],[-70.05802154499997,-32.81222534199998],[-70.06015777599998,-32.813167572],[-70.06418609600001,-32.81373596200001],[-70.067573547,-32.81304550200002],[-70.07123565699999,-32.81235504199998],[-70.07462310800003,-32.81172180200002],[-70.077186584,-32.810932159000004],[-70.08072662400002,-32.81076049799998],[-70.08400726299999,-32.81133651699997],[-70.08412974599997,-32.811374581999985],[-70.084266603,-32.811107384000024],[-70.08463332600002,-32.81008055900003],[-70.085183411,-32.809420456],[-70.085513462,-32.80901706100002],[-70.085660152,-32.808136923999996],[-70.08573349599999,-32.80755016699999],[-70.08617356399998,-32.80678004800001],[-70.08665030499998,-32.80608327300001],[-70.08687033899997,-32.805826567],[-70.087383752,-32.80538649800002],[-70.08943740299998,-32.803956277],[-70.09042118299999,-32.803358805000016],[-70.09212169199998,-32.802211951000004],[-70.093708606,-32.801479529000005],[-70.09511241400003,-32.801479529000005],[-70.09700450399998,-32.80160159899998],[-70.09859141800001,-32.801479529000005],[-70.09951425899999,-32.800648971999976],[-70.09981567699998,-32.80025237000001],[-70.10035278999999,-32.799894295],[-70.10046838199997,-32.799817233],[-70.10047577900002,-32.79981230200002],[-70.100497249,-32.799808213000006],[-70.101245898,-32.799665613],[-70.10153927699997,-32.79973895699999],[-70.10278613700001,-32.80017902600002],[-70.10344593399998,-32.80025515599999],[-70.10373961800002,-32.80028904300002],[-70.10423520799998,-32.80061943599998],[-70.10439972,-32.80072911100001],[-70.10502315000002,-32.801242523999974],[-70.10535320100001,-32.80135254100003],[-70.10582994100002,-32.80135254100003],[-70.10678342199998,-32.801462558000026],[-70.10744352400002,-32.801462558000026],[-70.10814029900001,-32.80153590200001],[-70.108580367,-32.80182928099998],[-70.10909378000002,-32.80212266000001],[-70.10931381400002,-32.802562728],[-70.109753882,-32.803112812999984],[-70.11012060600001,-32.803149485000006],[-70.11012060600001,-32.802562728],[-70.10949717599999,-32.802196003999995],[-70.10924046899999,-32.801719263999985],[-70.108800401,-32.801462558000026],[-70.10854369499998,-32.801242523999974],[-70.10823293099997,-32.80036455999999],[-70.108224468,-32.800296858000024],[-70.10799361,-32.799665613],[-70.10784691999999,-32.799078855000005],[-70.10773690299999,-32.79867545899998],[-70.107406852,-32.798308736000024],[-70.10722349000002,-32.79775865099998],[-70.10685676700001,-32.79739192699998],[-70.10671007799999,-32.79665848000002],[-70.10671007799999,-32.79641118699999],[-70.10671007799999,-32.795961706000014],[-70.10669246399999,-32.795169117],[-70.10667340499998,-32.79431145000001],[-70.10696678400001,-32.793137935000004],[-70.107076801,-32.79189107600001],[-70.107296835,-32.790790904999994],[-70.107662903,-32.790241803000015],[-70.10766355800001,-32.79024082000001],[-70.10795693699998,-32.78972740699999],[-70.10800722200003,-32.78907370899998],[-70.10803028200002,-32.788773925999976],[-70.10799361,-32.78826051300001],[-70.107773576,-32.78727035999998],[-70.10766355800001,-32.786610257999996],[-70.10803028200002,-32.78620686199997],[-70.10839700499997,-32.78587681099998],[-70.10872705600002,-32.78573012200002],[-70.108947091,-32.78507001899999],[-70.10924046899999,-32.78433657300002],[-70.10949717599999,-32.78404319399999],[-70.109753882,-32.783639798000024],[-70.11019395,-32.78290635100001],[-70.11038621699998,-32.78273544799998],[-70.11052400099999,-32.78261297199998],[-70.110670691,-32.78202621499997],[-70.11085405199998,-32.78151280200001],[-70.11102080699999,-32.780864312999995],[-70.11118410400002,-32.78022927000001],[-70.11127833,-32.78019786099998],[-70.11151415500001,-32.78011925300001],[-70.11166084400003,-32.77967918500002],[-70.11163563999997,-32.779364137000016],[-70.111587499,-32.778762375999975],[-70.11133079299998,-32.77821229099999],[-70.111367465,-32.77747884399997],[-70.11146124200002,-32.77719751500001],[-70.111477482,-32.77714879299998],[-70.111587499,-32.77652536300002],[-70.11140413800001,-32.775901933],[-70.11133079299998,-32.77513181400002],[-70.11130068900002,-32.774680252999985],[-70.11129412100001,-32.774581728999976],[-70.11166084400003,-32.773958299000014],[-70.11199089500002,-32.77326152400002],[-70.11232094600001,-32.772564750000015],[-70.11261432499998,-32.77219802600001],[-70.113017721,-32.77168461399998],[-70.113347772,-32.771244545],[-70.113934529,-32.77047442600002],[-70.11426265699998,-32.770146298999975],[-70.114631304,-32.769777652000016],[-70.114631304,-32.76948273400001],[-70.114631304,-32.769044205],[-70.11481466599997,-32.76838410300002],[-70.11518138899999,-32.767870689999995],[-70.11547476800001,-32.76724725999998],[-70.11611274699999,-32.76699107899998],[-70.116296868,-32.76683528500001],[-70.11697833400001,-32.76677051899998],[-70.11804183200002,-32.766477140999996],[-70.11884862400001,-32.76607374500003],[-70.11958207100002,-32.765670349000004],[-70.12060889600002,-32.76490023000002],[-70.12115898100001,-32.76416678300001],[-70.12159904999999,-32.763653369999986],[-70.12211246200002,-32.763653369999986],[-70.12288258199999,-32.763359991000016],[-70.12379938999999,-32.76306661299998],[-70.12439867199998,-32.76280977800002],[-70.12456950900003,-32.762736561],[-70.12470850900002,-32.76266340400002],[-70.12526628400002,-32.762369837999984],[-70.126036403,-32.761819753],[-70.12654981600002,-32.761453028999995],[-70.12713657400002,-32.76104963400002],[-70.127649986,-32.76086627199999],[-70.12816339900002,-32.760426204],[-70.12831008900002,-32.760022807999974],[-70.12823674399999,-32.759619412000006],[-70.12823563400002,-32.759607200000005],[-70.12820007200003,-32.75921601599998],[-70.12838343300001,-32.75906932700002],[-70.12857277900002,-32.75906932700002],[-70.12864014000002,-32.75906932700002],[-70.12897019100001,-32.75917934400002],[-70.129410259,-32.75917934400002],[-70.12974030999999,-32.759032655],[-70.12985032699999,-32.75870260400001],[-70.12984514499999,-32.75865078700002],[-70.12981365500002,-32.758335880000004],[-70.129997016,-32.757859139999994],[-70.13025372300001,-32.75760243299999],[-70.13029039499997,-32.757162365],[-70.13032706799999,-32.75668562499999],[-70.130583774,-32.756355574],[-70.13102384199999,-32.756025522000016],[-70.131049958,-32.756023513],[-70.13150058299999,-32.755988849999994],[-70.13167189299998,-32.75568049100002],[-70.13168394399997,-32.755658799],[-70.13172061699998,-32.75525540299998],[-70.13135389299998,-32.75499869700002],[-70.13076713599997,-32.75481533499999],[-70.13054710199998,-32.75455862899997],[-70.13032706799999,-32.753971870999976],[-70.13071127799998,-32.75296009099998],[-70.13069590999999,-32.752895545],[-70.13098906599998,-32.75213334099999],[-70.13146390999998,-32.75155149599999],[-70.13161059999999,-32.75074470499999],[-70.13157392699998,-32.74997458600001],[-70.13146390999998,-32.74905777700002],[-70.13146390999998,-32.74852401700002],[-70.13146390999998,-32.74814096799997],[-70.13161059999999,-32.74759088299999],[-70.13177441800002,-32.74712673099998],[-70.13183063399998,-32.746967453000025],[-70.13182582899998,-32.74689538199999],[-70.13179396100003,-32.74641736799998],[-70.13168394399997,-32.746013972000014],[-70.13168394399997,-32.745537232000004],[-70.13190397800003,-32.74524385299998],[-70.13223402900002,-32.74484045700001],[-70.13263742499998,-32.744437060999985],[-70.13311416599998,-32.744143683000004],[-70.13395763,-32.74315352899998],[-70.13430453799998,-32.742806621],[-70.13480109400001,-32.74231006500003],[-70.13579124699999,-32.741026533000024],[-70.135836719,-32.74089921199999],[-70.13615797,-32.73999970800003],[-70.13601128099998,-32.73919291599998],[-70.13575457500002,-32.73838612499998],[-70.136047953,-32.73717593700002],[-70.136267987,-32.73625912900002],[-70.136634711,-32.735562354000024],[-70.13686392800003,-32.73518032599998],[-70.13686445299999,-32.73517945200001],[-70.13688050500002,-32.73492596599999],[-70.136902582,-32.73467293499999],[-70.136930673,-32.7344205],[-70.13696476199999,-32.734168805000024],[-70.13699776700003,-32.734046311999975],[-70.13702532000002,-32.73392247999999],[-70.13704736699998,-32.73379754899997],[-70.13706386400003,-32.733671765],[-70.13707477899999,-32.733545375000006],[-70.137079997,-32.73342317100003],[-70.137079997,-32.73330085499998],[-70.13707477899999,-32.73317865199999],[-70.13702909900002,-32.73312967099997],[-70.13698892299999,-32.733076084000004],[-70.13695471300002,-32.73301850500002],[-70.136926861,-32.732957596000006],[-70.13690568700002,-32.73289405600002],[-70.136891434,-32.73282861400003],[-70.13688426700003,-32.73276202400001],[-70.13688426700003,-32.73269504799998],[-70.136891434,-32.73262845800002],[-70.13690568700002,-32.73256301700002],[-70.136926861,-32.73249947599999],[-70.13695471300002,-32.732438566999974],[-70.13698892299999,-32.73238098799999],[-70.13702909900002,-32.73232740100002],[-70.13707477899999,-32.73227842099999],[-70.13711878599997,-32.73223983999998],[-70.13718109400003,-32.73225791099998],[-70.13724487100001,-32.732269798000004],[-70.13730950600001,-32.732275386000026],[-70.13737437700001,-32.73227462199998],[-70.13743886200001,-32.73226751300001],[-70.137502342,-32.732254126999976],[-70.13756420700003,-32.73223459299999],[-70.13762386299999,-32.732209098],[-70.13768073799997,-32.73217788699998],[-70.13773428600001,-32.73214125999999],[-70.13778399099999,-32.732099568000024],[-70.13782937799999,-32.73205321199998],[-70.13787001100002,-32.732002636000004],[-70.13790549800001,-32.731948327],[-70.13793550100002,-32.731890806000024],[-70.13835831099999,-32.73178510299999],[-70.13898174100001,-32.73178510299999],[-70.13912843000003,-32.73174842999998],[-70.13945848100002,-32.731381707000025],[-70.139623954,-32.73098466099998],[-70.13981590700001,-32.73088363300002],[-70.13989183500001,-32.730910542000004],[-70.13996972299998,-32.730931102],[-70.14004904000001,-32.73094517300001],[-70.140129247,-32.730952659000025],[-70.14020979899999,-32.730953510000006],[-70.14029014599998,-32.73094771900003],[-70.14036974300001,-32.730935327],[-70.140448048,-32.730916417],[-70.14052452800001,-32.730891117],[-70.140598662,-32.73085960100002],[-70.14066994799998,-32.73082208300002],[-70.140737898,-32.73077881699999],[-70.14080205200003,-32.73073009799998],[-70.14086197300003,-32.73067625800002],[-70.140917253,-32.730617662999975],[-70.140967515,-32.730554712000014],[-70.14101241899999,-32.730487831999994],[-70.14105165799998,-32.73041747899998],[-70.141084965,-32.73034413200003],[-70.141112115,-32.73026828899998],[-70.141132922,-32.730190467],[-70.14180430900001,-32.729580114999976],[-70.14351329300001,-32.729397010000014],[-70.14461192599998,-32.72909183399997],[-70.14581270299999,-32.72916460800002],[-70.14585996800002,-32.72924778700002],[-70.145912125,-32.72932798800002],[-70.14596898799999,-32.72940492499998],[-70.14603035300001,-32.72947832099999],[-70.14609600099999,-32.72954791400002],[-70.14616569399999,-32.729613454],[-70.14623918500001,-32.729674706000026],[-70.14631621000001,-32.72973145100002],[-70.146361657,-32.72975287600002],[-70.14640954700002,-32.72976807700002],[-70.146459032,-32.72977678400002],[-70.146509235,-32.72977884400001],[-70.146559266,-32.72977421799999],[-70.14660823999998,-32.72976298999998],[-70.14665529000001,-32.72974535899999],[-70.14669958100001,-32.72972163600002],[-70.14674033099999,-32.72969224100001],[-70.146776816,-32.729657696000004],[-70.14680839099998,-32.729618612000024],[-70.14683449699999,-32.72957568200002],[-70.14685466999998,-32.72952966499997],[-70.14686855500003,-32.72948137700001],[-70.146875905,-32.729431671999976],[-70.14687658899999,-32.729381432000025],[-70.14687059599999,-32.729331546000026],[-70.14685803200001,-32.72928289700002],[-70.14683911999998,-32.72923634799997],[-70.14681419300001,-32.72919272199999],[-70.14678369500001,-32.729152793000026],[-70.14683193000002,-32.729110983],[-70.14721970400001,-32.72877485800001],[-70.147343036,-32.72866795300001],[-70.147343036,-32.728044522999994],[-70.14726969100002,-32.72734774899999],[-70.14726969100002,-32.72694435300002],[-70.14692406,-32.72639134399998],[-70.14690296700002,-32.726357595000025],[-70.14649957199998,-32.72580750999998],[-70.14613284799998,-32.725257424999995],[-70.145582763,-32.72452397799998],[-70.14528938400002,-32.72390054800002],[-70.14510602299998,-32.722910394999985],[-70.14492266100001,-32.722580343999994],[-70.14470262700002,-32.72206693099997],[-70.144555937,-32.72148017400002],[-70.14440924799999,-32.720710053999994],[-70.14432841500002,-32.71998986400001],[-70.14414063200002,-32.719461724999974],[-70.144189214,-32.71880309199997],[-70.14415254199997,-32.71814298999999],[-70.14405850899999,-32.717876563000004],[-70.14393250699999,-32.71751956000003],[-70.14378581800003,-32.71682278600002],[-70.14367580099997,-32.716199356000004],[-70.14367580099997,-32.71520920299997],[-70.14393250699999,-32.71469579000001],[-70.14411586900002,-32.71399901500001],[-70.14411726899999,-32.71397661899999],[-70.14415254199997,-32.713412258000005],[-70.14411586900002,-32.71271548300001],[-70.14389583500002,-32.712238743],[-70.14381215499998,-32.712060923000024],[-70.143602456,-32.71161531299998],[-70.14363912900001,-32.71117524499999],[-70.143705807,-32.710997436000014],[-70.14396918,-32.710295108000025],[-70.14415254199997,-32.710295108000025],[-70.14448259300002,-32.710075073999974],[-70.14448259300002,-32.70952498899999],[-70.14481264400001,-32.708901559000026],[-70.144996005,-32.70853483600001],[-70.14576612500002,-32.70739799299997],[-70.14613284799998,-32.707031270000016],[-70.14631621000001,-32.706517856999994],[-70.1461984,-32.705899353999996],[-70.14619793499998,-32.70589691599997],[-70.14616952099999,-32.705747738000014],[-70.14602283099998,-32.705270997000014],[-70.14569277999999,-32.704830929000025],[-70.145491182,-32.704679731],[-70.14539940100002,-32.70461089499997],[-70.145395726,-32.70451533400001],[-70.145362729,-32.70365741400002],[-70.14526715699998,-32.70296295100002],[-70.14534434799998,-32.70248050599997],[-70.145527453,-32.700893592],[-70.14510020699998,-32.700100135000014],[-70.144562415,-32.698594317000016],[-70.14426255900003,-32.69815656200001],[-70.14396918,-32.69786318400003],[-70.143712473,-32.69753313199999],[-70.14334574999998,-32.697166408999976],[-70.14337579099998,-32.696415376000004],[-70.143382422,-32.69624959999999],[-70.143492439,-32.69533279199999],[-70.14323997700001,-32.694604527000024],[-70.14323033599999,-32.69447598099998],[-70.14301569899999,-32.69331581300003],[-70.14297902700002,-32.691885591000016],[-70.14320694499997,-32.68998838800002],[-70.14334574999998,-32.68935520000002],[-70.14320811699997,-32.68796164999998],[-70.14320811699997,-32.68758792699998],[-70.14310204999998,-32.687078805],[-70.14305237100001,-32.68664144600001],[-70.14305237100001,-32.68620137800002],[-70.14286400999998,-32.68577756600001],[-70.14275899199998,-32.68554127599998],[-70.142685648,-32.684991190999995],[-70.14273582700002,-32.684639937999975],[-70.142795665,-32.684221071000024],[-70.142795665,-32.68337760700001],[-70.142685648,-32.682680833000006],[-70.14283233700002,-32.68183736899999],[-70.14275899199998,-32.681030577],[-70.14264897499999,-32.68040714699998],[-70.14262355300002,-32.680076661999976],[-70.14261230300002,-32.67993040699997],[-70.14265077200002,-32.67985346900002],[-70.14272232000002,-32.67971037299998],[-70.14305237100001,-32.67912361499998],[-70.14323573299998,-32.678610203000005],[-70.14367580099997,-32.678133462000005],[-70.144079197,-32.677620048999984],[-70.144665954,-32.676739913000006],[-70.14521603999998,-32.67604313800001],[-70.14565610800003,-32.675493053000025],[-70.14631621000001,-32.67505298499998],[-70.14646289900003,-32.674356210999974],[-70.14631713199998,-32.67377314100003],[-70.14627953799999,-32.673622764000015],[-70.146059503,-32.673182696000026],[-70.14613284799998,-32.67259593799997],[-70.14591281399998,-32.672045852999986],[-70.14582892599998,-32.67126546899999],[-70.14581644499998,-32.671233700000016],[-70.14580279699999,-32.66977216700002],[-70.145949486,-32.668818687],[-70.14644988100002,-32.66757493900002],[-70.14637653599999,-32.66662145800001],[-70.14611982899999,-32.66537459800003],[-70.14600981199999,-32.66431110000002],[-70.14637653599999,-32.66324760200001],[-70.146853276,-32.66211075899997],[-70.147095047,-32.66046818900003],[-70.14721162199999,-32.660113165999974],[-70.14721250299999,-32.66011173499999],[-70.14747670600002,-32.65932366099997],[-70.14769674000001,-32.658920265000006],[-70.14816382599997,-32.65845317899999],[-70.14817348100001,-32.658443524999996],[-70.14818818399999,-32.658526252],[-70.14887025500002,-32.65837018000002],[-70.14949368499998,-32.65800345700001],[-70.14986040899998,-32.657673406000015],[-70.14978706400001,-32.65690328599999],[-70.14956703000001,-32.65620651199998],[-70.148613549,-32.65554641],[-70.14773341300003,-32.65481296299998],[-70.14647919999999,-32.654042844],[-70.14637653599999,-32.653786137],[-70.14641320800001,-32.652942672999984],[-70.14647919999999,-32.652711701999976],[-70.14655989800002,-32.65242926000002],[-70.147183327,-32.65180583099999],[-70.147660068,-32.651292418000025],[-70.14817348100001,-32.65066898800001],[-70.148613549,-32.64945879999999],[-70.14912696200003,-32.64839530199998],[-70.150227132,-32.64740514900001],[-70.15110726799998,-32.646561684999995],[-70.151877388,-32.64586491099999],[-70.15236545599998,-32.645425649],[-70.15240477600003,-32.64539026099999],[-70.15261083399997,-32.64520480800002],[-70.15263358099998,-32.64479536900001],[-70.15264750699998,-32.64454470599998],[-70.15263660699998,-32.644446605999974],[-70.15257416200001,-32.64388460399999],[-70.15231745599999,-32.642967795000004],[-70.15191406000002,-32.642050987000005],[-70.15158400899998,-32.64084079899999],[-70.151510664,-32.63981397399999],[-70.15158400899998,-32.63867713100001],[-70.15158400899998,-32.637833666999995],[-70.15158400899998,-32.63721023699998],[-70.151620681,-32.636806842],[-70.15191406000002,-32.63666015199999],[-70.15235412800001,-32.636146739000026],[-70.15334428099999,-32.63486320700002],[-70.154554469,-32.633543003],[-70.155691311,-32.63211278099999],[-70.15653477500001,-32.63134266200001],[-70.15753682799999,-32.63026737299998],[-70.15785498000002,-32.62987576799998],[-70.15844173699998,-32.629545716999985],[-70.15950523499998,-32.629582389999996],[-70.160018648,-32.629545716999985],[-70.16056873299999,-32.62932568299999],[-70.16144887000002,-32.628775598000004],[-70.16218231599998,-32.62844554700001],[-70.162915763,-32.627895462000026],[-70.16306207999997,-32.627844251],[-70.16364921000002,-32.62763875500002],[-70.164199295,-32.62708866999998],[-70.16437411700002,-32.626802871999985],[-70.164484571,-32.62672693500002],[-70.166187449,-32.62650287299999],[-70.16691304900002,-32.626611930000024],[-70.16749980600002,-32.62672194700002],[-70.168049892,-32.62653858499999],[-70.16848995999999,-32.626135189000024],[-70.16911339,-32.62587848300001],[-70.16970014700001,-32.62587848300001],[-70.170250232,-32.62576846600001],[-70.17058028299999,-32.62540174200001],[-70.17124038600002,-32.62437491700001],[-70.171485829,-32.623661320999986],[-70.17180879,-32.62324793099998],[-70.172297071,-32.62208826400001],[-70.17223369599998,-32.62180307599999],[-70.17219386699998,-32.62107440599999],[-70.17160710899998,-32.620377631],[-70.17081082200002,-32.619700271],[-70.17077119200002,-32.61964685700002],[-70.16869599699999,-32.61830408399999],[-70.16792475,-32.617831384],[-70.16716975499997,-32.61704044800001],[-70.16621627400002,-32.61656370700001],[-70.16592289599998,-32.61634367300002],[-70.16555617199998,-32.615720243],[-70.16529946600002,-32.61513348599999],[-70.16529946600002,-32.613923297999975],[-70.16540948300002,-32.613043162],[-70.16518944900002,-32.61168628500002],[-70.16511610399999,-32.610549443000025],[-70.16540948300002,-32.60981599600001],[-70.16573953400001,-32.608642481000004],[-70.16581287899999,-32.60779901699999],[-70.165482827,-32.606882208],[-70.16485939799998,-32.606185434],[-70.164309312,-32.605231952999986],[-70.16390591700002,-32.60464519499999],[-70.16364921000002,-32.603985093000006],[-70.16364921000002,-32.603178301000014],[-70.16364921000002,-32.601821425000026],[-70.16362037800002,-32.60147544],[-70.16359398700001,-32.60136404100001],[-70.16339944200001,-32.600542847999975],[-70.163502521,-32.600207840999985],[-70.16352021300003,-32.59983889199998],[-70.16353919300002,-32.59936437699997],[-70.16324581399999,-32.598264207],[-70.16260363100002,-32.597408984000026],[-70.16240937600003,-32.59700281400001],[-70.162303657,-32.596911191000004],[-70.16159555899998,-32.59599052200002],[-70.16122883499997,-32.59562379800002],[-70.16067874999999,-32.594927024000015],[-70.160128665,-32.59423024900002],[-70.159914566,-32.59390910000002],[-70.159886035,-32.59386630400002],[-70.15983528599997,-32.593790180999974],[-70.15972526899998,-32.59324009599999],[-70.159431891,-32.59294671700002],[-70.158845133,-32.592579994000005],[-70.15874360700002,-32.592569841],[-70.15847840999999,-32.592543320999994],[-70.15836839299999,-32.59235996000001],[-70.15832401099999,-32.59209367],[-70.15825837599999,-32.59169985699998],[-70.15789165199999,-32.59111309999997],[-70.15723155,-32.59063635899997],[-70.156864826,-32.59001293],[-70.15657144800002,-32.58949951699998],[-70.156058035,-32.58935282700003],[-70.15576465599997,-32.58865605300002],[-70.15565463899998,-32.58814264],[-70.15514122600001,-32.58777591699999],[-70.15495786399998,-32.58748253800002],[-70.154664486,-32.586749091],[-70.153650293,-32.58604473499997],[-70.15288789099998,-32.58449060700002],[-70.15209828600001,-32.584135285],[-70.15191406000002,-32.58355859699998],[-70.15132730200003,-32.582861821999984],[-70.151219212,-32.582717702000025],[-70.15110726799998,-32.582568444],[-70.15099945499998,-32.58219109700002],[-70.15096057900001,-32.58205503099998],[-70.15066719999999,-32.581468272999984],[-70.150117115,-32.581211567000025],[-70.14971371899998,-32.581284912],[-70.14671866399999,-32.581756301999974],[-70.14629609500003,-32.58180506000002],[-70.14545452800002,-32.58125621200003],[-70.144762953,-32.58066148199998],[-70.14388281599997,-32.580258086000015],[-70.143479421,-32.58018474099998],[-70.14307602500003,-32.580074723999985],[-70.14263595699998,-32.57989136200001],[-70.14193918199999,-32.57985468999999],[-70.14105914499999,-32.580074191999984],[-70.14037001899999,-32.579945983000016],[-70.140215582,-32.579597983999975],[-70.139738841,-32.57923125999997],[-70.13928194599998,-32.57912375500001],[-70.13927705200001,-32.57911951400001],[-70.13863373800001,-32.578611634000026],[-70.138345292,-32.578681174999986],[-70.13827940599998,-32.57833189799999],[-70.138117384,-32.578203986000005],[-70.13757160300003,-32.578009065],[-70.13739181099999,-32.57758100500001],[-70.13698841600001,-32.577544332],[-70.13574155600003,-32.57732429800001],[-70.13548774499998,-32.577431166],[-70.13504478099998,-32.57761767699998],[-70.13445802400003,-32.57750765999998],[-70.13401795599998,-32.57717760899999],[-70.13360788699998,-32.57676556000001],[-70.13286835999997,-32.576495002],[-70.13273256600002,-32.576531562000014],[-70.13233102800001,-32.576994247000016],[-70.13170759799999,-32.57725095400002],[-70.131487564,-32.57736097100002],[-70.13104749600001,-32.577434315000005],[-70.13086413399998,-32.577470988000016],[-70.13046073800001,-32.57732429800001],[-70.13026437899998,-32.57702705999998],[-70.130218522,-32.57698477299999],[-70.12991065300002,-32.57670086799999],[-70.12932389500003,-32.57670086799999],[-70.12840708700003,-32.57677421300002],[-70.12763696799999,-32.576664196000024],[-70.12701353800003,-32.57670086799999],[-70.12668348699998,-32.576737541],[-70.12641283200003,-32.576772429000016],[-70.12638009800003,-32.57678461199998],[-70.12634589599998,-32.576791695],[-70.12631101599999,-32.57679351600001],[-70.12627626199998,-32.57679003300001],[-70.12624282600001,-32.57678145699998],[-70.12621105,-32.57676797099998],[-70.12618165100002,-32.57674988100001],[-70.12615291100002,-32.57672521500001],[-70.12612860899998,-32.57669616599998],[-70.126109407,-32.57666352199999],[-70.126095824,-32.57662816800001],[-70.12608823,-32.57659106300002],[-70.12608683000002,-32.57655321499999],[-70.12609166200002,-32.57651565100002],[-70.126102597,-32.57647939100002],[-70.126119335,-32.576445417],[-70.12614659899998,-32.57639670100002],[-70.12636618200003,-32.575728239],[-70.12643310499999,-32.57525978199999],[-70.12636618200003,-32.57475786499998],[-70.12620141000002,-32.57415370199999],[-70.12615941000001,-32.57421880200002],[-70.12496967999999,-32.57606288400001],[-70.12279423199999,-32.57686771200002],[-70.12077169000003,-32.57734360400002],[-70.11898709399998,-32.57817641600002],[-70.11815428300002,-32.57968995900001],[-70.11815428300002,-32.57984203799998],[-70.11803530999998,-32.58150766099999],[-70.11767839100003,-32.583411230000024],[-70.11625071399999,-32.58543377199999],[-70.115806244,-32.58578466900002],[-70.11494316300002,-32.58646604900002],[-70.113990226,-32.58721836699999],[-70.11280049599998,-32.58852707099999],[-70.11125384600001,-32.58983577499998],[-70.10946925100001,-32.59078755899998],[-70.10936937999998,-32.59082084900001],[-70.10768465500001,-32.59138242400002],[-70.106494924,-32.59114447799999],[-70.10363957099997,-32.59031166699998],[-70.101736002,-32.59090653200002],[-70.10054627199997,-32.592453181999986],[-70.09888064900002,-32.59340496599998],[-70.098513352,-32.595581055000025],[-70.098226297,-32.59685518399999],[-70.09715748000002,-32.597108194999976],[-70.09608478299998,-32.59768799599999],[-70.09542904599999,-32.59905495700002],[-70.09400275399997,-32.60006745700002],[-70.09305096999998,-32.60119770099999],[-70.09126637399999,-32.60220897200003],[-70.09144483400001,-32.60435048599999],[-70.09120688799999,-32.60631354200001],[-70.09096894200002,-32.609287868000024],[-70.09055253600002,-32.61083451799999],[-70.09120688799999,-32.61357089799998],[-70.09131120400002,-32.61920165999999],[-70.091087915,-32.62005492899999],[-70.090730995,-32.62088774],[-70.09043356299998,-32.62154209200003],[-70.09031458999999,-32.621839523999995],[-70.08995767099998,-32.62231541699998],[-70.08960075099998,-32.62243439000002],[-70.08888691300001,-32.62261284900001],[-70.08830541600003,-32.62279787099999],[-70.08757821,-32.623029255000006],[-70.08644796599998,-32.623029255000006],[-70.085496181,-32.623029255000006],[-70.08478234299997,-32.62291028200002],[-70.08335466599999,-32.62279130899998],[-70.08216493600003,-32.622672335999994],[-70.08162955699999,-32.62255336300001],[-70.08043982700002,-32.62285079499998],[-70.079309583,-32.623029255000006],[-70.07823882500003,-32.62374309299997],[-70.07770344699998,-32.623921553],[-70.07698960800002,-32.624516417999985],[-70.07574039100001,-32.62564666200001],[-70.07508603999997,-32.62594409500002],[-70.07347990300002,-32.62624152699999],[-70.07217120000001,-32.626360499999976],[-70.07127890200002,-32.62618204099999],[-70.069672766,-32.62600358100002],[-70.068304576,-32.62606306800001],[-70.06759073799998,-32.62594409500002],[-70.066638953,-32.62588460799998],[-70.066163061,-32.62582512199998],[-70.06544922299997,-32.62552768900002],[-70.06467589800002,-32.625111283000024],[-70.064312632,-32.624808562],[-70.06396206,-32.624516417999985],[-70.06348616700001,-32.62415949899997],[-70.06348616700001,-32.62362411999999],[-70.06330770800002,-32.62314822799999],[-70.06295078900001,-32.622196444],[-70.06283181600003,-32.621780038],[-70.06205849100002,-32.621185173000015],[-70.06134465299999,-32.62005492899999],[-70.06164208500002,-32.61898417100002],[-70.06063081399998,-32.617318549000004],[-70.05979800300003,-32.616485737000005],[-70.05872724599999,-32.61535549299998],[-70.057418542,-32.61452268199997],[-70.05616932499998,-32.61410627599997],[-70.05486062099999,-32.613808844000005],[-70.05378986400001,-32.61303551899999],[-70.05313551199998,-32.61244065400001],[-70.05248116000001,-32.611131950000015],[-70.05200526800002,-32.61023965200002],[-70.05129142999999,-32.60946632700001],[-70.050399132,-32.608633516],[-70.04968529400003,-32.608157624],[-70.04926559699999,-32.60776124400002],[-70.048614536,-32.60714635300002],[-70.04790069799998,-32.60637302800001],[-70.046804721,-32.60593463700002],[-70.04671096800001,-32.60589713600001],[-70.04569969699998,-32.605183297999986],[-70.045521237,-32.604528946000016],[-70.04439099299998,-32.60280383700001],[-70.04409356100001,-32.602089998],[-70.043855614,-32.601138214],[-70.043855614,-32.600245916000006],[-70.043855614,-32.59935361800001],[-70.043796128,-32.59887772600001],[-70.043796128,-32.59816388799999],[-70.04367715500001,-32.596319806],[-70.04320126300001,-32.595427508],[-70.042487424,-32.59483264300002],[-70.04177358599998,-32.594356749999974],[-70.04141666700002,-32.59340496599998],[-70.041250333,-32.592656465000005],[-70.041178721,-32.592334209],[-70.041178721,-32.59138242400002],[-70.04153564,-32.58983577499998],[-70.04177358599998,-32.58852707099999],[-70.04177358599998,-32.58757528699999],[-70.04189255900002,-32.58614761000001],[-70.04165461299999,-32.585076852999975],[-70.040226937,-32.583411230000024],[-70.03903720599999,-32.582697392],[-70.036776718,-32.581745607000016],[-70.03570596100002,-32.58103176899999],[-70.03380239199998,-32.58067484999998],[-70.03249368799999,-32.58019895799998],[-70.03047114700001,-32.57984203799998],[-70.02809168599998,-32.579366145999984],[-70.02725887399998,-32.579128200000014],[-70.02583119799999,-32.578771281],[-70.02476044000002,-32.57686771200002],[-70.02547427899998,-32.57484517],[-70.02547427899998,-32.57413133199998],[-70.025712225,-32.57341749400001],[-70.02583119799999,-32.572108790000016],[-70.025712225,-32.571275979000006],[-70.02559325200002,-32.57020522200003],[-70.02559325200002,-32.568896517999974],[-70.02595017099998,-32.567825760999995],[-70.02606914400002,-32.566992948999996],[-70.02595017099998,-32.56520835399999],[-70.02595017099998,-32.56259094699999],[-70.025712225,-32.55985456600001],[-70.02523633200002,-32.559378674000016],[-70.024046602,-32.559021755],[-70.023094818,-32.557713052],[-70.02202405999998,-32.555928456000004],[-70.020953303,-32.554262832999996],[-70.02023946399999,-32.553073102999974],[-70.01963495299998,-32.551691361999985],[-70.01940665299998,-32.551169533999996],[-70.01858676699999,-32.55011539499998],[-70.01857384200002,-32.55009877600003],[-70.01857246600002,-32.550093272000026],[-70.01821692300001,-32.54867109999998],[-70.01774103000002,-32.546886503999986],[-70.01643232700002,-32.54474498899998],[-70.01524259600001,-32.54307936700002],[-70.01445575600002,-32.542467379000016],[-70.01417183900003,-32.54224655500002],[-70.01292332700001,-32.54135476099998],[-70.01167340500001,-32.540461960000016],[-70.01060264799997,-32.53998606699997],[-70.00941291700002,-32.53748763300001],[-70.00883593600003,-32.536141344999976],[-70.008699079,-32.53582201099999],[-70.00810421400001,-32.534156387999985],[-70.00703345599999,-32.532728711000004],[-70.00596269900001,-32.53118206200003],[-70.00501091400002,-32.529873357999975],[-70.00417810300002,-32.528326709],[-70.00275042599998,-32.52892157399998],[-70.00191761500002,-32.52927849299999],[-69.99965712699998,-32.529873357999975],[-69.99763458500001,-32.53023027699999],[-69.996444855,-32.530468224],[-69.994184367,-32.530706169999974],[-69.99228079800002,-32.53118206200003],[-69.99097209500002,-32.53130103500001],[-69.99002030999998,-32.53118206200003],[-69.98761937699999,-32.53118206200003],[-69.98740290299997,-32.53118206200003],[-69.98561830699998,-32.531063088999986],[-69.98430960399998,-32.531063088999986],[-69.98252500799998,-32.53153898099998],[-69.98109733199999,-32.53249076499998],[-69.97990760099998,-32.53344255000002],[-69.97895581699999,-32.535346118999996],[-69.97824197800003,-32.53677379499999],[-69.97693327500002,-32.53748763300001],[-69.97562457100003,-32.53867736400002],[-69.97431586800002,-32.539272229000005],[-69.97312613700001,-32.53962914800002],[-69.97157948799997,-32.540342986999974],[-69.96955694600001,-32.54224655500002],[-69.96860516200002,-32.543198340000004],[-69.96717748499998,-32.54403115100001],[-69.96598775500001,-32.54498293500001],[-69.964322132,-32.545815747000006],[-69.96420331299998,-32.545815747000006],[-69.96337034700002,-32.545815747000006],[-69.96158575200002,-32.54569677400002],[-69.95873039899999,-32.54510190799999],[-69.95611299199999,-32.54450704300001],[-69.95409045000002,-32.54391217800003],[-69.95194893500002,-32.54331731299999],[-69.951235097,-32.54272244700002],[-69.95004536599998,-32.54165168999998],[-69.95002694800002,-32.54164309499998],[-69.94826076999999,-32.54081887900003],[-69.946833094,-32.54093785200001],[-69.94646437099999,-32.54120122500001],[-69.94433465999998,-32.54272244700002],[-69.94266903699997,-32.54331731299999],[-69.941955199,-32.543793204999986],[-69.93921881900002,-32.543793204999986],[-69.93707730400001,-32.543436285999974],[-69.93529270800002,-32.54296039399998],[-69.93434092400003,-32.542603473999975],[-69.93429652999998,-32.542584782000006],[-69.93208043599998,-32.54165168999998],[-69.93053378600001,-32.54141374400001],[-69.92755946,-32.54224655500002],[-69.92657731700001,-32.542480469],[-69.92565589100002,-32.543198340000004],[-69.92458513399998,-32.54391217800003],[-69.92375232199998,-32.54450704300001],[-69.92298027300001,-32.544815863],[-69.92256259200002,-32.54498293500001],[-69.92233717900001,-32.54523339399998],[-69.92149183499998,-32.54617266600002],[-69.92030210399997,-32.547243423],[-69.918755454,-32.547838289000026],[-69.917922643,-32.54902801899999],[-69.91708983199999,-32.54926596500002],[-69.91471037100001,-32.55021775],[-69.91256885600001,-32.550693642],[-69.91078426000001,-32.55140748000002],[-69.909118638,-32.55271618400002],[-69.907809934,-32.552835157000004],[-69.90614431099999,-32.553905913999984],[-69.90531149999998,-32.55533359100002],[-69.90412177000002,-32.55676126700001],[-69.90316998499998,-32.55783202499998],[-69.90245614700001,-32.559616619999986],[-69.90150436200003,-32.561044297000024],[-69.90067155100002,-32.56152018900002],[-69.898649009,-32.561877107999976],[-69.89567468299998,-32.561877107999976],[-69.89305727599998,-32.56068737800001],[-69.89186754600001,-32.560330459],[-69.89043986899998,-32.559973539],[-69.88913116499998,-32.559973539],[-69.88782246199997,-32.56009251299997],[-69.885918893,-32.56068737800001],[-69.884491217,-32.561877107999976],[-69.88246867499998,-32.561877107999976],[-69.87878051000001,-32.56235299999997],[-69.874021588,-32.56259094699999],[-69.87295083100003,-32.56259094699999],[-69.86973855899998,-32.562709919999975],[-69.86783499,-32.562471973000015],[-69.86545552899997,-32.56152018900002],[-69.86283812200003,-32.56152018900002],[-69.85879303799999,-32.56259094699999],[-69.85665152299998,-32.563661704000026],[-69.85332027800001,-32.565565273000004],[-69.85070287100001,-32.56818268000001],[-69.84939416700001,-32.56937241000003],[-69.847252653,-32.57056214099998],[-69.84356448800003,-32.569967276],[-69.84261270399998,-32.569610356],[-69.84011427000002,-32.569015491000016],[-69.838091728,-32.568658572000004],[-69.83511740199998,-32.56794473399998],[-69.83380869799998,-32.56723089500002],[-69.832737941,-32.566755003000026],[-69.83178615600002,-32.566041165],[-69.831163769,-32.56565217299999],[-69.83083437200003,-32.56544630000002],[-69.82988258799998,-32.56461348800002],[-69.829287722,-32.56413759600002],[-69.82821696500002,-32.563542730999984],[-69.82738415400001,-32.562709919999975],[-69.82738415400001,-32.562471973000015],[-69.827979019,-32.561282242999994],[-69.82904977599998,-32.560806351],[-69.83000156100002,-32.559378674000016],[-69.83035847999997,-32.55842689000002],[-69.83071539899998,-32.556166401999974],[-69.83083437200003,-32.55580948300002],[-69.83023950699999,-32.553905913999984],[-69.82952566799997,-32.55164542599999],[-69.82857388399998,-32.55045569599997],[-69.82678928799999,-32.54902801899999],[-69.825718531,-32.54712445000001],[-69.82512366600002,-32.54617266600002],[-69.82333906999997,-32.54510190799999],[-69.82238728599998,-32.544388070000025],[-69.82155447399998,-32.54403115100001],[-69.82089749800002,-32.54403115100001],[-69.81976987799999,-32.54403115100001],[-69.81822322900001,-32.544388070000025],[-69.815248903,-32.545815747000006],[-69.81191765699998,-32.54593471999999],[-69.80858641200001,-32.54510190799999],[-69.806920789,-32.54498293500001],[-69.80489824699998,-32.54498293500001],[-69.801685975,-32.54557780099998],[-69.79978240600002,-32.545815747000006],[-69.797640892,-32.54557780099998],[-69.79585629600001,-32.54593471999999],[-69.79264402299998,-32.54736239599998],[-69.79085942799998,-32.546767531],[-69.78990764299999,-32.54617266600002],[-69.78824202099997,-32.54486396200002],[-69.78645742499998,-32.543436285999974],[-69.783721045,-32.54212758199998],[-69.78169850299997,-32.53962914800002],[-69.780627746,-32.538082498999984],[-69.77908109600003,-32.53653584900002],[-69.77741547300002,-32.535346118999996],[-69.77503601199999,-32.53368049599999],[-69.77301347100001,-32.53225281900001],[-69.77087195600001,-32.53118206200003],[-69.769206333,-32.52904054700002],[-69.76908736000001,-32.52559032900001],[-69.769206333,-32.52416265199997],[-69.76849249499998,-32.522021137000024],[-69.76635098000003,-32.517738107000014],[-69.76539919499999,-32.515834539000025],[-69.76183000399999,-32.51416891600002],[-69.76016438099998,-32.51274123899998],[-69.75611929799999,-32.50940999400001],[-69.75326394500001,-32.508696155999985],[-69.747315292,-32.50917204799998],[-69.743746101,-32.50940999400001],[-69.74208047799999,-32.50917204799998],[-69.73898717899999,-32.507744371],[-69.73708361000001,-32.505364910000026],[-69.73518004099998,-32.50179571899997],[-69.730659065,-32.499178312000026],[-69.72637603599998,-32.497988581000016],[-69.72304479000002,-32.496322959],[-69.72042738300001,-32.495847067],[-69.71590640699998,-32.495133227999986],[-69.71067159299997,-32.49560911999998],[-69.70805418600003,-32.496322959],[-69.70496088700003,-32.49644193199998],[-69.704247049,-32.492872739999996],[-69.70412807600002,-32.49013636000001],[-69.70389012999999,-32.486686141999996],[-69.704722941,-32.482997977000025],[-69.70281937200002,-32.478952893999974],[-69.70281937200002,-32.475621648000015],[-69.70091580299999,-32.472766294999985],[-69.69972607300002,-32.469435050000016],[-69.69615688200003,-32.46586585799997],[-69.69710866600002,-32.46277255899997],[-69.69615688200003,-32.45985772],[-69.69425331299999,-32.45783517799998],[-69.69496715100001,-32.453909066999984],[-69.696037908,-32.449982956999975],[-69.69794147699997,-32.446651711000015],[-69.69782250399999,-32.445461980999994],[-69.69889326200001,-32.443558412000016],[-69.69413434,-32.44284457399999],[-69.690684121,-32.440346139999974],[-69.68901849899999,-32.437133867],[-69.68921159400003,-32.430175781],[-69.690268215,-32.42298488900002],[-69.691516933,-32.42071558700002],[-69.695086124,-32.41702742199999],[-69.69675174700001,-32.41268490599998],[-69.698179423,-32.41006749899998],[-69.70079683,-32.407925983999974],[-69.70151066900002,-32.406022414999995],[-69.70317629099998,-32.404594739000004],[-69.70412807600002,-32.40364295400002],[-69.709124944,-32.40316706200002],[-69.71055261999999,-32.40340500799999],[-69.713883866,-32.401501439000015],[-69.716501273,-32.39912197799998],[-69.71983251799998,-32.39650457099998],[-69.72554322399998,-32.39626662500001],[-69.72792268500001,-32.395552786999986],[-69.72958830800002,-32.39388716399998],[-69.731967769,-32.39269743400001],[-69.73315749900001,-32.39055591900001],[-69.73339544599997,-32.387938512000005],[-69.73315749900001,-32.384845213000006],[-69.73315749900001,-32.383417536000024],[-69.73315749900001,-32.379134506000014],[-69.731491877,-32.37651709900001],[-69.731015985,-32.37508942300002],[-69.73054009200001,-32.37223406999999],[-69.72911241600002,-32.36937871600003],[-69.72744679300001,-32.366761309000026],[-69.72697090100002,-32.364381847999994],[-69.72673295499999,-32.362478280000005],[-69.72673295499999,-32.360336765],[-69.72673295499999,-32.35605373499999],[-69.72720884699999,-32.35343632799999],[-69.72768473899998,-32.35105686700001],[-69.728398578,-32.347725621999984],[-69.73006420000002,-32.34534616100001],[-69.73054009200001,-32.34391848400003],[-69.73077803799998,-32.341539022999996],[-69.73054009200001,-32.33963545400002],[-69.72982625399999,-32.335828316999994],[-69.72935036199999,-32.33344885600002],[-69.72887447,-32.330831449000016],[-69.72768473899998,-32.32916582600001],[-69.72649500900002,-32.326548419000005],[-69.72530527800001,-32.32464485000003],[-69.72506733199998,-32.32155155100003],[-69.72554322399998,-32.320599766999976],[-69.72459143999998,-32.317982359999974],[-69.72387760200002,-32.31655468299999],[-69.72149814099998,-32.31417522200002],[-69.71816689500002,-32.312747546000026],[-69.71412181199997,-32.31250959900001],[-69.71245618900002,-32.311795760999985],[-69.71102851299997,-32.31084397699999],[-69.709124944,-32.30989219200001],[-69.706507537,-32.30989219200001],[-69.70460396800001,-32.30989219200001],[-69.70079683,-32.30965424599998],[-69.69627585500001,-32.30965424599998],[-69.692468717,-32.30894040800001],[-69.68985131,-32.30822656999999],[-69.68580622600001,-32.30703683899998],[-69.68344882399998,-32.305386657999975],[-69.68342676499998,-32.305371217000015],[-69.68080935799998,-32.30346764799998],[-69.68009552000001,-32.30180202499997],[-69.678591477,-32.299682616999974],[-69.67831092400002,-32.298827699000014],[-69.67807297799999,-32.29811386099999],[-69.67724016699998,-32.29668618400001],[-69.67676427499998,-32.29609131900003],[-69.67652632900001,-32.29466364199999],[-69.67545557099999,-32.29276007300001],[-69.67474173300002,-32.29085650500002],[-69.67450378699999,-32.28990471999998],[-69.67343302900002,-32.28907190899997],[-69.672243299,-32.288833963],[-69.67129151400002,-32.288358071000005],[-69.66736540400001,-32.28704936700001],[-69.66665156599998,-32.28657347500001],[-69.66510491600002,-32.284907852],[-69.66415313200002,-32.283837095000024],[-69.66403415899998,-32.28348017600001],[-69.66284442800003,-32.282409417999986],[-69.66177367099999,-32.28002995700001],[-69.659689028,-32.278756009000006],[-69.65963215599999,-32.278721254000004],[-69.65915626399999,-32.27741255000001],[-69.65880465499998,-32.27700234100001],[-69.65844242499998,-32.276579739],[-69.65713372200003,-32.275271035],[-69.65641988300001,-32.27455719699998],[-69.654754261,-32.27312952099999],[-69.65249620100002,-32.27200049099997],[-69.65213685399999,-32.27182081699999],[-69.65199348300001,-32.27144805299997],[-69.65154198800002,-32.270274167000025],[-69.65082815,-32.26896546400002],[-69.64821074299999,-32.269322382999974],[-69.64702101300003,-32.26884649099998],[-69.64452257900001,-32.268608545000006],[-69.64345182099999,-32.26729984100001],[-69.642381064,-32.266586002999986],[-69.64107236000001,-32.265158326000005],[-69.63904981799999,-32.263730650000014],[-69.63750316900001,-32.26277886499997],[-69.634528843,-32.26170810799999],[-69.63298219299998,-32.26135118899998],[-69.63095965100001,-32.260042484999985],[-69.63095965100001,-32.25928293999999],[-69.63095965100001,-32.25825788999998],[-69.63095965100001,-32.25492664400002],[-69.63119759699998,-32.25337999499999],[-69.63131657000002,-32.25183334500002],[-69.630602732,-32.24909696499998],[-69.629650948,-32.24778826099998],[-69.62917505500002,-32.24695544999997],[-69.628461217,-32.24540880000001],[-69.62810429799998,-32.243981124000015],[-69.62727148699997,-32.241720636000025],[-69.62715251399999,-32.241006798],[-69.62560586400002,-32.23910322900002],[-69.62394024100001,-32.23874631000001],[-69.62298845700002,-32.23850836399998],[-69.62215564600001,-32.23850836399998],[-69.621059661,-32.238255444],[-69.62060899599999,-32.23815144399998],[-69.61930029199999,-32.23779452500003],[-69.618348508,-32.23731863299997],[-69.61805435600002,-32.23650971500001],[-69.617872616,-32.23600993000002],[-69.61763466999997,-32.233749441999976],[-69.61763466999997,-32.233154576000004],[-69.61763466999997,-32.23195525099999],[-69.61763466999997,-32.231845873],[-69.617396724,-32.23113203499997],[-69.61692083100002,-32.22982333099998],[-69.61644493900002,-32.228157708000026],[-69.615731101,-32.22708695099999],[-69.61549315500002,-32.22637311300002],[-69.61513623600001,-32.22446954399999],[-69.61513623600001,-32.22339878600002],[-69.61501726300003,-32.22292289400002],[-69.61489828999999,-32.221733164],[-69.614422397,-32.219591648999995],[-69.613946505,-32.217569106999974],[-69.613470613,-32.216498349999995],[-69.61239985600002,-32.21602245700001],[-69.61144807099998,-32.215665537999996],[-69.60990142200001,-32.21495169999997],[-69.607759907,-32.21399991599998],[-69.6051425,-32.21281018500002],[-69.60311995799998,-32.210787643],[-69.60311995799998,-32.21007380499998],[-69.603357904,-32.20864612899999],[-69.6051425,-32.207218452000006],[-69.60621325699998,-32.20614769399998],[-69.60835477199998,-32.205076937],[-69.60990142200001,-32.20210261099999],[-69.60966347599998,-32.20126979999998],[-69.60906861000001,-32.20019904200001],[-69.60847374500003,-32.20008006900002],[-69.608235799,-32.198890339],[-69.60787887999999,-32.197224715999994],[-69.607284015,-32.19567806600003],[-69.607284015,-32.195202173999974],[-69.60668914899998,-32.19436936300002],[-69.60657017599999,-32.192108874999974],[-69.60657017599999,-32.19091914400002],[-69.606451203,-32.19032427899998],[-69.606451203,-32.18961044100001],[-69.60657017599999,-32.18746892600001],[-69.60585633800002,-32.186755087999984],[-69.606094284,-32.185684330000015],[-69.60573736499998,-32.18389973500001],[-69.604666608,-32.182591031000015],[-69.603833796,-32.181758220000006],[-69.60323893100002,-32.18104438099999],[-69.60311995799998,-32.17997362400001],[-69.60311995799998,-32.179616705],[-69.60240612000001,-32.17783210900001],[-69.601216389,-32.176642378999986],[-69.600264605,-32.17580956699999],[-69.599550766,-32.17473881000001],[-69.59883692800003,-32.17390599800001],[-69.59824206299999,-32.17271626799999],[-69.59812309,-32.17188345699998],[-69.59776617099999,-32.170098860999985],[-69.59669541300002,-32.16843323799998],[-69.59633849400001,-32.16771940000001],[-69.59610054799998,-32.165577885000005],[-69.59586260200001,-32.16415020900001],[-69.59586260200001,-32.16236561300002],[-69.59610054799998,-32.16117588200001],[-69.59657643999998,-32.15879642099998],[-69.59752822500002,-32.157249772],[-69.59788514399997,-32.156179013999974],[-69.59812309,-32.15558414899999],[-69.59931282000002,-32.15475133799998],[-69.600264605,-32.153918525999984],[-69.59919384699998,-32.15320468800002],[-69.59883692800003,-32.151777012000025],[-69.598598982,-32.150230362],[-69.59895590100001,-32.149159603999976],[-69.59895590100001,-32.14818394500003],[-69.59895590100001,-32.147731927999985],[-69.59848000900001,-32.14535246700001],[-69.597647198,-32.14428170999997],[-69.59697699700001,-32.14361150899998],[-69.596457467,-32.14309197900002],[-69.59514876399999,-32.14225916800001],[-69.59384005999999,-32.141188409999984],[-69.59253135699998,-32.140117653000004],[-69.59169854499999,-32.13916586800002],[-69.59086573399998,-32.13857100299998],[-69.589438057,-32.137500246],[-69.58789140800002,-32.13607256900002],[-69.58610681200003,-32.13464489299997],[-69.58396529700002,-32.136191542000006],[-69.58122891699998,-32.13654846100002],[-69.57896842899999,-32.13678640699999],[-69.576232049,-32.135834622999994],[-69.57492334599999,-32.134050027],[-69.57218696500001,-32.13333618899998],[-69.57040237000001,-32.13333618899998],[-69.56909366600001,-32.13238440499998],[-69.568736747,-32.13238440499998],[-69.56671420499998,-32.13178953900001],[-69.56552447500002,-32.13155159299998],[-69.56314501399999,-32.130480836000004],[-69.56076555300001,-32.12941007799998],[-69.56064658000003,-32.13333618899998],[-69.560884526,-32.135596677000024],[-69.56064658000003,-32.13833305700001],[-69.55767225400001,-32.140117653000004],[-69.55362717000003,-32.140593545],[-69.55005797799998,-32.14071251799999],[-69.54446624500002,-32.141307383000026],[-69.54172986499998,-32.14071251799999],[-69.54054013500001,-32.141069437],[-69.53899348499999,-32.14023662599999],[-69.538041701,-32.140355598999975],[-69.53566224000002,-32.140593545],[-69.53494840100001,-32.14142635600001],[-69.53328277899999,-32.14142635600001],[-69.53114126399998,-32.140950464000014],[-69.528404884,-32.13976073399999],[-69.52519261100002,-32.137857165000014],[-69.52471671900003,-32.13654846100002],[-69.523526989,-32.135596677000024],[-69.52257520400002,-32.13321721599999],[-69.520909582,-32.13286029699998],[-69.51734039000002,-32.131908512999985],[-69.51662655199999,-32.131908512999985],[-69.514366064,-32.130718781999974],[-69.51198660300003,-32.12952905200001],[-69.51032098000002,-32.127387537000004],[-69.50936919600002,-32.12631677899998],[-69.50758459999997,-32.125364994999984],[-69.506037951,-32.123699371999976],[-69.50484821999999,-32.12096299199999],[-69.505205139,-32.119773262000024],[-69.50568103199998,-32.118702504],[-69.50580000500003,-32.11739380099999],[-69.50591897800001,-32.11549023200001],[-69.506037951,-32.11453844699997],[-69.50556205800001,-32.113824609000005],[-69.504253355,-32.11346768999999],[-69.50270670499998,-32.11334871700001],[-69.50190060599999,-32.113456197000005],[-69.50092210999998,-32.11358666299998],[-69.499494433,-32.11418152800002],[-69.497233945,-32.11418152800002],[-69.49473551099999,-32.11441947399999],[-69.49235605000001,-32.11418152800002],[-69.49116631999999,-32.11370563600002],[-69.49009556200002,-32.11346768999999],[-69.48700226300002,-32.112991797999996],[-69.48474177499997,-32.111802066999985],[-69.48331409899998,-32.11085028299999],[-69.482362314,-32.11049336399998],[-69.481053611,-32.11025541800001],[-69.47903106899997,-32.11037439099999],[-69.47784133800002,-32.11037439099999],[-69.4771275,-32.11037439099999],[-69.476651608,-32.10942260600001],[-69.476175716,-32.108470822000015],[-69.476175716,-32.10716211900001],[-69.47569982300001,-32.105258549999974],[-69.475342904,-32.10264114300003],[-69.47498598499999,-32.101332438999975],[-69.47415317399998,-32.100023736000026],[-69.47343933600001,-32.098834005000015],[-69.472725497,-32.09693043599998],[-69.47213063200002,-32.09550275999999],[-69.47153576699998,-32.09419405599999],[-69.47129782100001,-32.09300432600003],[-69.47129782100001,-32.09217151399997],[-69.47129782100001,-32.090624864999995],[-69.46987014400003,-32.089554107000026],[-69.46737171000001,-32.08907821499997],[-69.46534916799999,-32.08741259300001],[-69.46296970700001,-32.08467621199998],[-69.46106613900002,-32.08193983199999],[-69.45987640800001,-32.079798316999984],[-69.45727800100002,-32.07672119099999],[-69.454760567,-32.07468247600002],[-69.45226213299998,-32.07432555700001],[-69.44974800199998,-32.07540663499998],[-69.446883679,-32.07582044100002],[-69.44360612600002,-32.076293944999975],[-69.440245855,-32.076467072000014],[-69.43596282499999,-32.07622912599999],[-69.43394028400002,-32.07634809899997],[-69.43144185,-32.074444529999994],[-69.43001417300002,-32.073373773000014],[-69.428467523,-32.07123225800001],[-69.42635623199999,-32.06970617799999],[-69.42370860099999,-32.068257931999995],[-69.420778977,-32.06799316399997],[-69.41728405700002,-32.067187174000026],[-69.41668919199998,-32.066949228],[-69.415737407,-32.06653282299999],[-69.41448818999999,-32.06659230899999],[-69.41383383800002,-32.067068200999984],[-69.41163283700001,-32.067603580000025],[-69.41115694500002,-32.06778204],[-69.41056207999998,-32.06819844500001],[-69.41014567399998,-32.06831741799999],[-69.40972926799998,-32.06897177000002],[-69.40950121499998,-32.06919982300002],[-69.40889645700003,-32.06980458100003],[-69.408182619,-32.07057790599998],[-69.40806364600002,-32.07081585200001],[-69.40782569999999,-32.07200558300002],[-69.40764724000002,-32.07265993499999],[-69.40699288799999,-32.072957367000015],[-69.40657648199999,-32.072957367000015],[-69.40627905000002,-32.07283839399997],[-69.40485137299999,-32.07265993499999],[-69.40348318299999,-32.072600448],[-69.402947805,-32.072540962000005],[-69.40187704700003,-32.07265993499999],[-69.40110372200002,-32.07283839399997],[-69.40044937099998,-32.07307634],[-69.3994381,-32.073373773000014],[-69.39890272100001,-32.07432555700001],[-69.39848631500001,-32.07474196300001],[-69.39759401700002,-32.075217855000005],[-69.39658274599998,-32.07557477400002],[-69.39628921000002,-32.075711059000014],[-69.39491712400002,-32.07634809899997],[-69.39402482600002,-32.076526559],[-69.39348944699998,-32.076645531999986],[-69.39206177099999,-32.076705017999984],[-69.39140741900002,-32.076823991000026],[-69.39039614799998,-32.076823991000026],[-69.38926590400001,-32.076288612999974],[-69.38837360600002,-32.07492042199999],[-69.38742182200002,-32.073790179000014],[-69.38736233499998,-32.073611718999985],[-69.38670798300001,-32.07188660999998],[-69.38658901000002,-32.07075636600001],[-69.38617260500001,-32.07004252799999],[-69.38528030700002,-32.06879331099998],[-69.38517024499998,-32.06855117499998],[-69.384982874,-32.06813895900001],[-69.384506982,-32.067008714999986],[-69.38379314399998,-32.065818983999975],[-69.38313879200001,-32.06462925400001],[-69.38218700800002,-32.06403438900003],[-69.38110612600002,-32.064208984000004],[-69.37860368399998,-32.064208984000004],[-69.377077805,-32.067016602000024],[-69.37170671199999,-32.070190430000025],[-69.364382493,-32.072875977000024],[-69.35669206300003,-32.07647705099998],[-69.35010026600003,-32.07940673799999],[-69.34491227799998,-32.08270263700001],[-69.34351411300003,-32.083086229],[-69.31421159400003,-32.09112548799999],[-69.31109880100001,-32.086425781],[-69.30560563699999,-32.079101562999995],[-69.30029557900002,-32.07440185500002],[-69.29419206300003,-32.07122802700002],[-69.28778337199998,-32.070800781],[-69.28399919200001,-32.07159423799999],[-69.28070329399998,-32.072875977000024],[-69.27679704399998,-32.07000732400002],[-69.27411149699998,-32.061523437999995],[-69.27179216100001,-32.05889892599998],[-69.26739763,-32.05560302700002],[-69.267437503,-32.05291040899999],[-69.266961611,-32.050411974999975],[-69.265993821,-32.047485352000024],[-69.26557294899999,-32.04447449899999],[-69.26520036400001,-32.041809081999986],[-69.26363036499998,-32.038871588999996],[-69.2630355,-32.036611101000005],[-69.26244063500002,-32.033160882999994],[-69.26101295799998,-32.03161423300003],[-69.25708268800003,-32.028320312999995],[-69.25030778600001,-32.022583008000026],[-69.244509446,-32.016113281],[-69.23358415299998,-32.01312255900001],[-69.22802995400002,-32.011108397999976],[-69.22308610599998,-32.00970459000001],[-69.21771501199999,-32.007690430000025],[-69.21100114500001,-32.00939941399997],[-69.198305833,-32.002929687999995],[-69.18399374500001,-31.99938476699998],[-69.128433331,-31.999444254000025],[-69.12569695100001,-32.00283498499999]]],"type":"Polygon"}}]}